city_id,district_id,district,district_en
21,424,حي الدار البيضاء,Ad Dar Al Baida neighborhood
21,566,حي المغرزات,Al Mugharzat neighborhood
92,4100,حي الروضة,Al Rawda neighborhood
66,3490,حي الرياض,Riyadh neighborhood
12,1060,حي الثقبة,Al Thuqbah neighborhood
18,1318,حي طيبة,Taybah neighborhood
66,3608,حي النهضة,Al Nahda neighborhood
41,3068,حي طيبة,Taybah neighborhood
41,2976,حي السكة الحديدية,As Sikkah Al Hadid neighborhood
94,3752,حي العوالي,Al Awali neighborhood
94,3766,حي الملك فهد,King Fahd neighborhood
94,3696,حي الجامعة,Al jamiah neighborhood
94,3764,حي المعابدة,Al Maabdah neighborhood
12,1078,حي الخور,Al Khor neighborhood
26,3320,حي الخالدية,Khalidiya neighborhood
94,3714,حي الرصيفة,Rusaifa neighborhood
1,3832,حي درة المنسك,Durrat Al Mansak neighborhood
21,444,حي الرفيعة,Al Rafia neighborhood
66,3496,حي الزهراء,Al Zahra neighborhood
94,3770,حي النزهة,Al Nuzha neighborhood
94,3690,حي التقوى,Al Taqwa neighborhood
94,3722,حي الزهراء,Al Zahra neighborhood
18,1306,حي النور,AN Nur neighborhood
21,600,حي النرجس,Narcissus neighborhood
18,1328,حي مطار الملك فهد الدولي,King Fahd International Airport neighborhood
9,3284,حي القريات,Qurayyat neighborhood
66,3422,حي ابحر الجنوبية,Abhar Al Janubiyah neighborhood
66,3558,حي الفيصلية,Al Faisaliah neighborhood
66,3454,حي البوادي,Al Bawadi neighborhood
66,3584,حي المرجان,Al Marjan neighborhood
21,498,حي العريجاء الغربية,Al Arja neighborhood
21,502,حي العزيزية,Al Azizia neighborhood
12,1120,حي مدينة العمال,Labor City neighborhood
65,152,حي السويس,Suez neighborhood
93,3670,حي البيلسان,Al Bilasan neighborhood
66,3480,حي الرحمانية,Al Rahmaniyah neighborhood
94,3710,حي الخنساء,Al Khansa neighborhood
12,1054,حي البندرية,A Bandariya neighborhood
21,608,حي النظيم,Al Nazim neighborhood
94,3776,حي الهجرة,Al Hijrah neighborhood
26,3362,حي جبرة,Jabra neighborhood
21,516,حي الغنامية,Al Ghnamiah neighborhood
16,302,حي الخالدية,Khalidiya neighborhood
43,890,حي الهدا,Al Hada neighborhood
46,1640,حي الواحة,Al Waha neighborhood
18,1204,حي الجامعيين,Al Jamiyin neighborhood
21,528,حي الفيصلية,Al Faisaliah neighborhood
21,446,حي الرمال,Ar Rimal neighborhood
21,390,حي اشبيلية,Ishbiliyah neighborhood
21,540,حي المدينة الصناعية الجديدة,The new industrial city neighborhood
56,138,حي بيش,Bish neighborhood
21,438,حي الربوة,Ar Rabwah neighborhood
12,1038,حي ابن سينا,Ibn Sina neighborhood
66,3494,حي الزمرد,Emerald neighborhood
12,1086,حي الساحل,Al Sahel neighborhood
6,2098,حي ام تلعة,Umm Talaa neighborhood
66,3444,حي البساتين,Al Basateen neighborhood
21,714,حي منفوحة,Manfuha neighborhood
18,1282,حي المريكبات,Al Muraikabat neighborhood
21,688,حي ظهرة لبن,Dhahrat Laban neighborhood
93,3668,حي ازميرالدا,Esmeralda neighborhood
28,2212,حي العزيزية,Al Azizia neighborhood
21,468,حي السليمانية,Sulaymaniyah neighborhood
21,680,حي ضاحية نمار,District of Namar suburb
41,3050,حي جبل جمة وغرابة,Jable Jammah and Ghurabah neighborhood
66,3554,حي الفلاح,Al Falah neighborhood
52,2370,حي النقع الشرقية,Naqqa Ash Sharqiyyah neighborhood
21,672,حي سلطانة,Sultana neighborhood
21,720,حي هيت,Hit neighborhood
12,1070,حي الحمرا,Al Hamra neighborhood
52,2340,حي القاع البارد,Alqa' Al Barid neighborhood
21,660,حي جبرة,Jabra neighborhood
52,2350,حي المطار القديم,The old airport neighborhood
21,412,حي الحائر,Al Ha'ir neighborhood
9,3270,حي الخيف,Al Khif neighborhood
21,690,حي ظهرة نمار,Dhahir Nammar neighborhood
12,1084,حي الروابي,Al Rawabi neighborhood
12,1118,حي قرطبة,Cordoba neighborhood
41,3022,حي الملك فهد,King Fahd neighborhood
18,1224,حي الربيع,Ar Rabi neighborhood
12,1102,حي الكورنيش,Corniche neighborhood
21,682,حي طويق,Tuwaiq neighborhood
52,2288,حي الحويقية,Alhuwayqiyyah neighborhood
52,2400,حي رواق,Rawaq neighborhood
52,2338,حي الفايزية,Al Fayezia neighborhood
21,508,حي العماجية,Al Amajia neighborhood
21,546,حي المروة,Marwa neighborhood
91,2482,حي الجوهرة,Al Jawhara neighborhood
46,1676,حي وسط المدينة,Downtown neighborhood
26,3352,حي الوشحاء,Alwash'ha' neighborhood
18,1264,حي الفردوس,Al Firdous neighborhood
21,476,حي الشرق,Al Sharq neighborhood
21,398,حي البديعة,Al Badia neighborhood
46,1530,حي الجامعيين,Al Jamiyin neighborhood
66,3644,حي مدينة الملك عبدالعزيز الطبية,King Abdulaziz Medical City neighborhood
12,1076,حي الخزامى,Al Khuzami neighborhood
63,902,حي الجنادرية,Al Janadriyah neighborhood
65,158,حي الصفا,Al Safa neighborhood
26,3374,حي مسره,Massra neighborhood
18,1186,حي الاثير,Al Atheer neighborhood
21,568,حي الملز,Al Malaz neighborhood
13,272,حي الصفاء,Al Safa neighborhood
21,422,حي الخليج,Al Khaleej neighborhood
21,492,حي الضباط,Ad Dhubbat neighborhood
21,414,حي الحزم,Al Hazm neighborhood
94,3712,حي الراشدية,Al Rashidiya neighborhood
21,590,حي المونسية,Al Munsia neighborhood
12,1072,حي الخبر الجنوبية,Khobar Al Janubiyah neighborhood
18,1288,حي المنار,Al Manar neighborhood
12,1098,حي العليا,Olaya neighborhood
21,564,حي المعيزلة,Al Muzilah neighborhood
73,3664,حي الفرنيسية الشرقية,Al farnisiyyah Ash Sharqiyyah
21,410,حي الجنادرية,Al Janadriyah neighborhood
66,3632,حي بريمان,Braiman neighborhood
94,3744,حي العزيزية,Al Azizia neighborhood
21,536,حي القيروان,Kairouan neighborhood
16,304,حي الدرعية الجديدة,New Diriyah neighborhood
3,120,حي المنطقة الصناعية,The Industrial District neighborhood
27,1350,حي تهامة,Tihama neighborhood
34,3382,حي الخالدية,Khalidiya neighborhood
41,2954,حي الدفاع,Ad Difa neighborhood
66,3486,حي الروضة,Al Rawda neighborhood
26,3350,حي الوسام,Al Wasam neighborhood
94,3734,حي الشوقية,Al Shawqiya neighborhood
41,2936,حي الجامعة,Al jamiah neighborhood
66,3622,حي الياقوت,Al Yaqout neighborhood
13,254,حي البركة,Al Baraka neighborhood
21,632,حي الياسمين,Al yasmin neighborhood
21,494,حي العارض,Al Aarid neighborhood
21,526,حي الفيحاء,Al Fayhaa neighborhood
18,1326,حي مدينة العمال,Labor City neighborhood
41,3056,حي خاخ,Khakh neighborhood
41,2990,حي العانبس,Al Anabis
13,266,حي الزاهر,Al Zahir neighborhood
18,1284,حي المزروعية,Al Mazruiyah neighborhood
8,988,حي الجبيل البلد,Al Jubail Al Balad neighborhood
18,1200,حي البديع,Al Badi neighborhood
21,606,حي النسيم الغربي,An Nasim Al Gharbi neighborhood
18,1290,حي المنتزه,Al Montazah neighborhood
41,3088,حي ورقان,Warqan neighborhood
12,1056,حي التحلية,Tahlia neighborhood
46,1514,حي اسكان الحرس الوطني,National Guard housing neighborhood
18,1266,حي الفرسان,Al Fursan neighborhood
21,644,حي ام سليم,Umm Salim neighborhood
66,3638,حي طيبة,Taybah neighborhood
18,1238,حي الشاطئ الشرقي,East Beach neighborhood
21,578,حي الملك فيصل,King Faisal neighborhood
68,1774,حي الصناعية,Industrial neighborhood
52,2314,حي الشقة,Ash Shiqah neighborhood
52,2352,حي المظلل,Almidhallal neighborhood
18,1272,حي الفيصلية,Al Faisaliah neighborhood
21,510,حي العمل,Al Amal neighborhood
94,3750,حي العمرة الجديدة,Al Umrah Al Jadidah neighborhood
46,1554,حي الرقيقة,Al Ruqaiqah neighborhood
18,1178,حي ابن خلدون,Ibn Khaldun neighborhood
97,3252,حي الواحة,Al Waha neighborhood
63,906,حي الديرة القديمة,Old Deira neighborhood
18,1216,حي الخليج,Al Khaleej neighborhood
21,696,حي عريض,Uraidh neighborhood
21,694,حي عرقة,Araqa neighborhood
21,602,حي النزهة,Al Nuzha neighborhood
74,1820,حي الصناعية,Industrial neighborhood
67,2054,حي النسية,An Nisiyah neighborhood
21,504,حي العقيق,Al Aqiq neighborhood
21,442,حي الرحمانية,Al Rahmaniyah neighborhood
66,3472,حي الخالدية,Khalidiya neighborhood
66,3646,حي مريخ,Mraykh neighborhood
70,4014,حي الربيع,Ar Rabi neighborhood
97,3258,حي رضوى النقادي,Radwaan Naqadi neighborhood
18,1256,حي العدامة,Al Adama neighborhood
41,2962,حي الراية,Al Raya neighborhood
21,664,حي حطين,Hittin neighborhood
46,1564,حي السلمانية الشمالية,Northern Salmaniya neighborhood
18,1206,حي الجلوية,Al Jalawiyah neighborhood
21,588,حي المهدية,Mahdia neighborhood
69,930,حي المصيف,Al Masif neighborhood
65,146,حي الروابي,Al Rawabi neighborhood
41,2930,حي البركة,Al Baraka neighborhood
46,1524,حي البندرية,Al Bandariya neighborhood
54,1686,حي الربوة,Ar Rabwah neighborhood
21,674,حي شبرا,Shubra neighborhood
21,648,حي بدر,Badr neighborhood
21,580,حي المناخ,Al Manakh neighborhood
66,3518,حي الشرفية,Al Sharafeyah neighborhood
21,650,حي بنبان,Benban neighborhood
94,3704,حي الحمراء و ام الجود,Al Hamra and Umm Al Joud neighborhood
41,3040,حي بني ظفر,Bani Zafar neighborhood
13,284,حي المنصورة,Mansoura neighborhood
21,406,حي الجرادية,Al Jaradiya neighborhood
26,3354,حي الوكف,Al Wakf neighborhood
21,614,حي النهضة,Al Nahda neighborhood
43,886,حي الغطغط,Al Ghattagatt neighborhood
12,1094,حي العقربية,Al Aqrabiyah neighborhood
64,3420,حي وسط ثول,Central Thuwal neighborhood
41,2932,حي البلقاء,Al Balqa neighborhood
21,416,حي الحمراء,Al Hamra neighborhood
66,3538,حي العزيزية,Al Azizia neighborhood
41,3038,حي بني حارثة,Bani Haritha neighborhood
41,2996,حي العصبة,Al Usbah neighborhood
21,430,حي الدفاع,Ad Difa neighborhood
91,2572,حي المروج,Marouj neighborhood
52,2344,حي القويع,Al Quway neighborhood
72,2654,حي الجرعاوي,Al jaraawi neighborhood
18,1240,حي الشاطئ الغربي,Ash Shati Al Gharbi neighborhood
66,3594,حي المنتزه,Al Montazah neighborhood
21,472,حي السويدي الغربي,Al Suwaidi Al Gharbi neighborhood
21,646,حي أحد,Uhud neighborhood
18,1210,حي الحمراء,Al Hamra neighborhood
21,610,حي النفل,Nafl neighborhood
84,204,حي السعادة,As Saadah neighborhood
84,186,حي الباحر,Al Bahar neighborhood
84,200,حي الرونة,Al Runa neighborhood
84,228,حي الملك فهد,King Fahd neighborhood
84,196,حي الرحاب,Al Rehab neighborhood
52,2356,حي المنتزه,Al Montazah neighborhood
34,3384,حي الرتبة,Al Ratibah neighborhood
1,3808,حي الفيصلي,Al Faisaly neighborhood
41,2992,حي العريض,Al Areed neighborhood
21,470,حي السويدي,Al Suwaidi neighborhood
66,3586,حي المروة,Marwa neighborhood
21,454,حي الريان,Al Rayyan neighborhood
41,3002,حي الغابة,Al Ghaba neighborhood
70,4086,حي مخطط الموسى,Al Mossa Subdivision neighborhood
41,3090,حي وعيرة,Wairah neighborhood
2,54,حي الملك فهد,King Fahd neighborhood
54,1694,حي المدينة,Al Madinah neighborhood
18,1270,حي الفيحاء,Al Fayhaa neighborhood
18,1214,حي الخضرية,Al Khudriya neighborhood
12,1074,حي الخبر الشمالية,Northern Khobar neighborhood
97,3134,حي التاخي,Al Takhi neighborhood
40,870,حي الملك عبدالله,King Abdullah neighborhood
12,1066,حي الحزام الاخضر,Al hizam Al Akhdar neighborhood
52,2304,حي الريان,Al Rayyan neighborhood
27,1334,حي الجامعة,Al jamiah neighborhood
18,1248,حي الصناعية,Industrial neighborhood
18,1296,حي النخيل,Al Nakheel neighborhood
59,2902,حي منطقة الزراعية,Agricultural District neighborhood
12,1080,حي الراكة الجنوبية,Al Rakah Al Janubiyah neighborhood
45,1510,حي الفيصلية,Al Faisaliah neighborhood
21,628,حي الوسيطا,Al Wasita neighborhood
1,3812,حي القرى,Al Qura neighborhood
22,748,حي الفالح,Al Falih neighborhood
27,1354,حي هجر,Hajar neighborhood
91,2558,حي القادسية,Al Qadisiyah neighborhood
21,706,حي قرطبة,Cordoba neighborhood
13,250,حي البديعة,Al Badia neighborhood
21,634,حي اليرموك,Yarmouk neighborhood
1,3792,حي الربوة,Ar Rabwah neighborhood
21,716,حي منفوحة الجديدة,Manfouhah Al Jadidah neighborhood
12,1092,حي الصواري,Al Sawari neighborhood
46,1654,حي جنوب منسوبي التعليم,Mansubial Taleem 2nd neighborhood
22,744,حي العزيزية,Al Azizia neighborhood
22,752,حي القدس,Jerusalem neighborhood
46,1634,حي النزهة,Al Nuzha neighborhood
1,3814,حي القريقر,Al Quraiq neighborhood
94,3736,حي الضيافة,Al Diyafah neighborhood
12,1062,حي الجسر,Al Jisr neighborhood
21,452,حي الروضة,Al Rawda neighborhood
21,652,حي ثليم,Thulaim neighborhood
33,1494,حي حلة محيش,Hala Mohish neighborhood
21,512,حي العود,Al Oud neighborhood
21,534,حي القري,Al Quraia neighborhood
18,1280,حي المدينة الصناعية الثانية,The second industrial city neighborhood
21,552,حي المصانع,Al Masani' neighborhood
18,1192,حي الانوار,Anwar neighborhood
21,506,حي العليا,Olaya neighborhood
69,922,حي الصدر,Al Sadr neighborhood
11,2920,حي الحناكية,Al Hanakiyah neighborhood
88,1976,حي الصالحية,Salihiya neighborhood
94,3684,حي الاندلس,Andalusia neighborhood
22,750,حي الفيصلية,Al Faisaliah neighborhood
22,732,حي الروضة,Al Rawda neighborhood
41,2944,حي الحديقة,Al Hadiqah neighborhood
78,2430,حي الربيع,Ar Rabi neighborhood
66,3596,حي النخيل,Al Nakheel neighborhood
21,686,حي ظهرة البديعة,Dhahrat Al Badi'ah neighborhood
18,1190,حي الامير محمد بن سعود,Prince Muhammad bin Saud neighborhood
66,3516,حي الشراع,Al Sharaa neighborhood
41,2978,حي السلام,As Salam neighborhood
21,544,حي المرسلات,Al Mursalat neighborhood
66,3630,حي بحرة,Bahra neighborhood
13,248,حي الاندلس,Andalusia neighborhood
74,1814,حي الدانة,Dana neighborhood
8,1012,حي المنطقة الصناعية الثالثة,The third industrial district neighborhood
70,4064,حي الواحة,Al Waha neighborhood
2,20,حي الزهور,Al Zuhur neighborhood
18,1244,حي الشعلة,Al Shula neighborhood
52,2404,حي ضراس,Diras neighborhood
21,570,حي الملقا,Al Mulka neighborhood
12,1116,حي صناعية الثقبة,Sinayiat Al Thuqba neighborhood
68,1782,حي المحمدية,Muhammadiyah neighborhood
66,3432,حي الامواج,Al Amwaj neighborhood
2,84,حي ضمد,Damad neighborhood
22,756,حي النهضة,Al Nahda neighborhood
46,1668,حي مخطط الراجحي,Al Rajhi Subdivision neighborhood
21,530,حي القادسية,Al Qadisiyah neighborhood
92,4094,حي الحيلة الشرقي,Al Haila Ash Sharqi neighborhood
1,3788,حي الخالدية,Khalidiya neighborhood
13,292,حي النهضة,Al Nahda neighborhood
65,154,حي الشاطئ,Al Shati neighborhood
96,4394,حي شمال الضباط,Shamalad Dubat neighborhood
96,4380,حي الفيصلية,Al Faisaliah neighborhood
27,1348,حي القصور,Qusoor neighborhood
18,1276,حي القزاز,Al Qazzaz neighborhood
18,1300,حي النزهة,Al Nuzha neighborhood
66,3426,حي ابرق الرغامة,Abruq Ar Rughamah neighborhood
94,3774,حي النوارية,Al Nawariya neighborhood
96,4404,حي مخطط الصهبان,Al Sahban Subdivision
41,3080,حي مذينب,Mudhainib neighborhood
21,642,حي ام الشعال,Umm Al Shaal neighborhood
66,3548,حي الفروسية,Al Frosyah neighborhood
78,2448,حي القدس,Jerusalem neighborhood
91,2600,حي النفود,Nafud neighborhood
97,3146,حي الجامعة العربية,Al Jamiyah Al Arabiyah neighborhood
21,666,حي خشم العان,Khashm Al Aan neighborhood
66,3572,حي اللؤلؤ,Al Lulu neighborhood
66,3514,حي الشاطئ,Al Shati neighborhood
66,3476,حي الربوة,Ar Rabwah neighborhood
46,1662,حي محاسن ارامكو,Mahasin Aramco neighborhood
21,640,حي ام الحمام الغربي,Umm Al Hamam Al Gharbi neighborhood
21,480,حي الشميسي,Al Shumaisi neighborhood
4,3846,حي الزهور,Al Zuhur neighborhood
21,718,حي نمار,Nammar neighborhood
94,3716,حي الروابي,Al Rawabi neighborhood
41,2956,حي الدويخلة,Ad Duwaikhilah neighborhood
66,3440,حي الاندلس,Andalusia neighborhood
78,2440,حي السحابين الشمالي,Al Sahabin Ash Shamali neighborhood
21,486,حي الصحافة,Al Sahafa neighborhood
1,3804,حي العرين,Al Arin neighborhood
18,1234,حي السوق,Al Souq neighborhood
39,3878,حي الروضة,Al Rawda neighborhood
2,10,حي الجغادمة,Al Jaghadimah neighborhood
24,2190,حي القادسية,Al Qadisiyah neighborhood
70,4082,حي عتود,Atoud neighborhood
80,1852,حي النابية,Nabiya neighborhood
12,1106,حي المدينة الرياضية,Sports City neighborhood
78,2454,حي النهضة,Al Nahda neighborhood
7,2118,حي الفهد,Al Fahd neighborhood
78,2452,حي النزهة,Al Nuzha neighborhood
52,2410,حي مشعل,Meshaal neighborhood
21,396,حي الاندلس,Andalusia neighborhood
78,2450,حي المجد,Al Majd neighborhood
8,1022,حي مخطط الدخل المحدود,Al Dakhal Al Mahdud Subdivision neighborhood
66,3634,حي بني مالك,Bani Malik neighborhood
85,1872,حي التلال,Tilal neighborhood
94,3782,حي بطحاء قريش,Batha Quraish neighborhood
36,3394,حي الكامل,Al Kamil neighborhood
52,2388,حي خب العكرش,Khub Al Akrash neighborhood
21,604,حي النسيم الشرقي,Al Naseem Al Sharqi neighborhood
20,2138,حي الحوطة,Al Houta neighborhood
66,3532,حي الصوارى,Al Sawari neighborhood
97,3208,حي الفلاح,Al Falah neighborhood
94,3756,حي الكعكية,Al Kakakia neighborhood
66,3610,حي الهدى,Al Huda neighborhood
18,1242,حي الشرق,Al Sharq neighborhood
59,2864,حي العليا,Olaya neighborhood
13,278,حي العزيزية,Al Azizia neighborhood
12,1050,حي البحيرة,Al Buhaira neighborhood
46,1566,حي السياسب,Al Siyasib neighborhood
21,554,حي المصفاة,Al Mahfa neighborhood
65,156,حي الشامية,Al Shamiya neighborhood
8,1032,حي منطقة العريفي,Al'urayfi Area neigborhood
18,1212,حي الخالدية الشمالية,Al Khalidiyah Ash Shamaliyah neighborhood
77,3666,حي رنية,Rania neighborhood
40,848,حي الامير سلمان,Prince Salman neighborhood
21,436,حي الرائد,Al Raed neighborhood
2,64,حي الورود,Al Worod neighborhood
52,2316,حي الشماس,Al Shammas neighborhood
78,2416,حي الافراح,Al Afrah neighborhood
21,596,حي النخيل,Al Nakheel neighborhood
21,684,حي طيبة,Taybah neighborhood
94,3718,حي الروضة,Al Rawda neighborhood
45,1502,حي الخليج,Al Khaleej neighborhood
12,1108,حي المرجان,Al Marjan neighborhood
26,3322,حي الريان,Al Rayyan neighborhood
66,3624,حي ام السلم,Umm Al Salam neighborhood
66,3602,حي النزهة,Al Nuzha neighborhood
21,582,حي المنار,Al Manar neighborhood
66,3550,حي الفضل,Al Fadl neighborhood
12,1088,حي السفن,Al Sufun neighborhood
12,1046,حي الاندلس,Andalusia neighborhood
66,3592,حي المنار,Al Manar neighborhood
94,3740,حي العتيبية,Al Utaybiyyah neighborhood
52,2298,حي الرحاب,Al Rehab neighborhood
21,698,حي عكاظ,Okaz neighborhood
94,3706,حي الخالدية,Khalidiya neighborhood
4,3862,حي الورود,Al Worod neighborhood
94,3730,حي الشرائع,Ash Shara'i` neighborhood
41,2960,حي الرانوناء,Ar Ranuna neighborhood
97,3220,حي المجد,Al Majd neighborhood
26,3318,حي الجال,Al Jal neighborhood
1,3798,حي الشرفية,Al Sharafeyah neighborhood
41,2968,حي الزهرة,Al Zahra neighborhood
17,332,حي الشفاء,Al Shifa neighborhood
52,2364,حي الناصرية,Nasiriyah neighborhood
45,1508,حي العزيزية,Al Azizia neighborhood
21,520,حي الفاروق,Al Farouq neighborhood
12,1104,حي اللؤلؤ,Al Lulu neighborhood
26,3370,حي عودة,Awdah neighborhood
21,466,حي السلي,As Sulay neighborhood
44,2256,حي النبهانية,Al Nabhaniya neighborhood
13,298,حي منطقة صناعية,Industrial Area neighborhood
26,3358,حي الوهط,Al Wahat neighborhood
66,3552,حي الفضيلة,Al Fadila neighborhood
1,3796,حي السروات,As Sarawat neighborhood
52,2312,حي الشفق,Al Shafak neighborhood
21,514,حي الغدير,Al Ghadeer neighborhood
13,264,حي الريان,Al Rayyan neighborhood
52,2308,حي السادة,Al Sada neighborhood
95,3118,حي مهد الذهب,Mahd Al Dahab neighborhood
35,838,حي الصناعية,Industrial neighborhood
66,3578,حي المحمدية,Muhammadiyah neighborhood
79,2786,حي مخطط الصناعية,Industrial District District
13,280,حي الفيصلية,Al Faisaliah neighborhood
8,1008,حي المنطقة الصناعية,Al Sina'iyah Subdivision neighborhood
35,834,حي الزهور,Al Zuhur neighborhood
46,1660,حي عبداللطيف العيسى,Abdul Latif Al Essa neighborhood
18,1274,حي القادسية,Al Qadisiyah neighborhood
3,128,حي حكامية العز,Hakamiya Al Ezz neighborhood
70,4068,حي ذلالة,Dhalalah neigborhood
73,3662,حي السوق,Al Souq neighborhood
26,3324,حي السداد,Al Sadad neighborhood
21,598,حي الندى,Al Nada neighborhood
5,4430,حي الظفير,Al Dhafir neighborhood
22,764,حي حطين,Hittin neighborhood
27,1342,حي الدوحة الجنوبية,Al Dawhah Al Janubiyah neighborhood
84,224,حي المروج,Marouj neighborhood
91,2550,حي الفاخرية,Al Fakhriya neighborhood
13,296,حي مشرف,Mishrif neighborhood
13,290,حي النزهة,Al Nuzha neighborhood
52,2322,حي الصفراء,Al Safra neighborhood
7,2120,حي القادسية,Al Qadisiyah neighborhood
25,2004,حي العزيزية,Al Azizia neighborhood
22,754,حي المنتزة,Al Montazah neighborhood
21,464,حي السلام,As Salam neighborhood
85,1876,حي الدريدي,Ad Duraydi neighborhood
12,1040,حي اشبيليا,Ishbiliyah neighborhood
12,1114,حي اليرموك,Yarmouk neighborhood
10,244,حي المفيجر,Al Mufajir neighborhood
69,918,حي السلام,As Salam neighborhood
21,522,حي الفلاح,Al Falah neighborhood
73,3656,حي الصليب الشرقي,Al Silayyib Ash Sharqi neighborhood
7,2126,حي مخطط المحمدية,Al Muhammadiyah Planning neighborhood
93,3674,حي المنطقة الصناعية الاولى,The first industrial Area neighborhood
89,978,حي المعارض,Al Ma'arid neighborhood
91,2578,حي المطار,Al Matar neighborhood
70,4028,حي الشفاء,Al Shifa neighborhood
69,928,حي المحمدية,Muhammadiyah neighborhood
97,3132,حي البهجة,Al Bhja neighborhood
68,1746,حي البلدية,Municipal neighborhood
52,2332,حي العليا,Olaya neighborhood
41,2950,حي الخالدية,Khalidiya neighborhood
91,2534,حي الصالحية,Salihiya neighborhood
41,3018,حي المطار,Al Matar neighborhood
70,4048,حي المعمورة,Al Mamoura neighborhood
91,2612,حي الوفاء,Al Wafa neighborhood
43,884,حي العليا,Olaya neighborhood
18,1262,حي العنود,Al Anoud neighborhood
59,2840,حي اسكان قوى الامن العام,General Security Force Housing neighborhood
94,3758,حي المرسلات,Al Mursalat neighborhood
1,3816,حي المروج,Marouj neighborhood
41,2970,حي السد,Al Sad neighborhood
72,2692,حي المروج,Marouj neighborhood
66,3428,حي الاجاويد,Al Ajawid neighborhood
46,1594,حي العويمرية,Al Awimariya neighborhood
18,1320,حي عبدالله فؤاد,Abdullah Fouad neighborhood
66,3430,حي الاصالة,Asala neighborhood
59,2852,حي السليمانية,Sulaymaniyah neighborhood
21,576,حي الملك فهد,King Fahd neighborhood
91,2604,حي الهداء,Al Hada neighborhood
78,2422,حي الحزم,Al Hazm neighborhood
52,2402,حي سلطانة,Sultana neighborhood
94,3768,حي المنصور,Al Mansour neighborhood
1,3794,حي السد,Al Sad neighborhood
26,3378,حي نخب,Nakhab neighborhood
21,460,حي السعادة,As Saadah neighborhood
13,288,حي الناصفة,Al Nassifa neighborhood
91,2500,حي الدوحة,Doha neighborhood
12,1064,حي الجوهرة,Al Jawhara neighborhood
69,934,حي النهضة,Al Nahda neighborhood
47,900,حي الهياثم,Al Hayathem neighborhood
91,2596,حي النسيم,Al Naseem neighborhood
91,2480,حي الجلده,Al jaldah neighborhood
21,584,حي المنصورة,Mansoura neighborhood
18,1196,حي البادية,Al Badia neighborhood
65,168,حي النور,AN Nur neighborhood
18,1208,حي الجوهرة,Al Jawhara neighborhood
21,542,حي المربع,Al Murabba neighborhood
9,3264,حي ابو شعيب,Abu Shuaib neighborhood
67,2056,حي النقرة,Al Naqra neighborhood
4,3848,حي الزيتون,Al Zaitoun neighborhood
27,1344,حي الدوحة الشمالية,Al Dawhah Ash Shamaliyah neighborhood
21,692,حي عتيقة,Atetika neighborhood
66,3488,حي الرويس,Al Ruwais neighborhood
18,1308,حي النورس,Nawras neighborhood
41,3076,حي قلعة مخيط,Qalaa Makhit neighborhood
79,2774,حي شمال النفل,North Nafl neighborhood
52,2278,حي الجامعيين,Al Jamiyin neighborhood neighborhood
74,1826,حي النعيم,Al Naeem neighborhood
91,2488,حي الحزم,Al Hazm neighborhood
91,2526,حي السلام,As Salam neighborhood
91,2484,حي الحاجب,Al Hajeb neighborhood
12,1096,حي العقيق,Al Aqiq neighborhood
94,3760,حي المسفلة,Al Masfala neighborhood
70,4010,حي الخزان,Al Khazan neighborhood
45,1506,حي الصناعية,Industrial neighborhood
46,1580,حي الصالحية,Salihiya neighborhood
71,3108,حي الخالدية,Khalidiya neighborhood
41,3030,حي الهدراء,Hadara neighborhood
74,1822,حي الفيحاء,Al Fayhaa neighborhood
94,3692,حي التنعيم,Al Tanim neighborhood
94,3708,حي الخضراء,Al Khadra neighborhood
21,636,حي اليمامة,Al Yamamah neighborhood
20,2168,حي قصر بن عقيل,Qasr bin Aqeel neighborhood
70,4042,حي اللواء الرابع عشر,The fourteenth brigade neighborhood
91,2524,حي السحيمية,Al Suhaymiyyah neighborhood
21,618,حي الهدا,Al Hada neighborhood
27,1346,حي القشلة,Al Qashla neighborhood
21,428,حي الدريهمية,Al Durhimiyya neighborhood
39,3874,حي الخليج,Al Khaleej neighborhood
66,3614,حي الواحة,Al Waha neighborhood
66,3450,حي البغدادية الغربية,Al-Baghdadiyah Al-Gharbiyah neighborhood
67,2036,حي السويفلة,Al Suwaifla neighborhood
91,2566,حي المحمدية,Muhammadiyah neighborhood
21,538,حي المحمدية,Muhammadiyah neighborhood
18,1254,حي الطبيشي,Al Tabishi neighborhood
41,3066,حي شوران,Shoran neighborhood
18,1312,حي بدر,Badr neighborhood
94,3694,حي التيسير,Al Tayysir neighborhood
59,2900,حي مخطط الراجحي,Al Rajhi Subdivision neighborhood
74,1824,حي المنتزة,Al Montazah neighborhood
41,3084,حي مهزور,Mahzur neighborhood
41,3024,حي المنطقة المركزية,The central area neighborhood
67,2038,حي العزيزية,Al Azizia neighborhood
68,1750,حي الجامعة,Al jamiah neighborhood
78,2418,حي الاندلس,Andalusia neighborhood
21,500,حي العريجاء الوسطى,Al Arja Al Wasat neighborhood
41,2980,حي السيح,Al Seih neighborhood
7,2106,حي البلد القديم,Old Al Balad neighborhood
94,3700,حي الحجون,Al Hajjoun neighborhood
20,2158,حي الملك خالد,King Khalid neighborhood
41,2966,حي الروابي,Al Rawabi neighborhood
46,1664,حي محاسن البلدية,Mahasin Municipal District
13,274,حي الصناعية الجديدة,The new industrial neighborhood
91,2514,حي الرياضى,Al Riyadi neighborhood
91,2580,حي الملك خالد,King Khalid neighborhood
12,1044,حي الامواج,Al Amwaj neighborhood
41,3004,حي الغراء,Al Gira'a neighborhood
18,1298,حي الندى,Al Nada neighborhood
41,2972,حي السقيا,Al Saqiya neighborhood
21,612,حي النموذجية,An Namudhajiyah neighborhood
21,550,حي المشاعل,Al Mashael neighborhood
97,3216,حي اللؤلؤ,Al Lulu neighborhood
22,730,حي الربوة,Ar Rabwah neighborhood
94,3742,حي العدل,Al Adel neighborhood
66,3508,حي السلامة,Salama neighborhood
66,3520,حي الشروق,Al Shorouk neighborhood
22,738,حي السيح,Al Seih neighborhood
29,1362,حي السلطانية,Al Sultania neighborhood
12,1048,حي البحر,Al Bahr neighborhood
21,622,حي الوادي,Al Wadi neighborhood
43,898,حي هذلولة,Hazlulah neighborhood
19,384,حي مشرفة,Mishrifah neighborhood
46,1540,حي الخالدية,Khalidiya neighborhood
21,404,حي التعاون,At Taawun neighborhood
19,366,حي العزيزية,Al Azizia neighborhood
94,3682,حي اجياد,Ajyad neighborhood
2,14,حي الخشابية,Al Khashabiya neighborhood
18,1316,حي ضاحية الملك فهد,King Fahd suburb neighborhood
19,372,حي القدس,Jerusalem neighborhood
55,3920,حي النزهة,Al Nuzha neighborhood
52,2296,حي الربوة,Ar Rabwah neighborhood
52,2362,حي النازية,Nazia neighborhood
66,3606,حي النعيم,Al Naeem neighborhood
20,2152,حي الصناعية,Industrial neighborhood
52,2376,حي الورش الجنوبية,Al Wurash Al Janubiah neighborhood
91,2576,حي المصيف,Al Masif neighborhood
18,1232,حي السلام,As Salam neighborhood
79,2714,حي الروابي,Al Rawabi neighborhood
78,2420,حي التعاون,At Taawun neighborhood
2,36,حي العسيلة,Al Aseila neighborhood
21,676,حي صلاح الدين,Salahuddin neighborhood
21,518,حي الفاخرية,Al Fakhriya neighborhood
46,1562,حي السلمانية الجنوبية,Al Sulimaniyah 4th neighborhood
67,2026,حي الخزامى,Al Khuzami neighborhood
66,3618,حي الورود,Al Worod neighborhood
66,3424,حي ابحر الشمالية,Obhur Al-Shamaliyah neighborhood
41,3010,حي القصواء,Al Qasawa neighborhood
66,3604,حي النسيم,Al Naseem neighborhood
41,3014,حي المبعوث,Al Mabuth neighborhood
21,556,حي المصيف,Al Masif neighborhood
66,3528,حي الصفا,Al Safa neighborhood
66,3438,حي الاميرعبدالمجيد,Al Amir Abdul Majeed neighborhood
60,3984,حي الخالدية,Khalidiya neighborhood
8,1028,حي مخطط غرب المزارع,Gharbal Mazari' Subdivision neighborhood
91,2516,حي الريان,Al Rayyan neighborhood
41,3086,حي نبلاء,Nubala neighborhood
91,2618,حي اليمامة,Al Yamamah neighborhood
13,260,حي الراشدية,Al Rashidiya neighborhood
61,3402,حي الخالدية,Khalidiya neighborhood
40,850,حي الاندلس,Andalusia neighborhood
18,1230,حي الزهور,Al Zuhur neighborhood
21,702,حي غبيرة,Ghubairah neighborhood
61,3404,حي السلام,As Salam neighborhood
78,2428,حي الربوة,Ar Rabwah neighborhood
21,708,حي لبن,Laban neighborhood
41,3012,حي القلعة,Castle neighborhood
41,2938,حي الجصة,Al Jassah neighborhood
21,408,حي الجزيرة,Al Jazeera neighborhood
21,558,حي المعذر,Al Muhdar neighborhood
67,2048,حي المنتزه الشرقي,Al Montazah Al Sharqi neighborhood
52,2310,حي السالمية,Salmiya neighborhood
41,2928,حي الاصيفرين,Al Usayfirin neighborhood
21,616,حي النور,AN Nur neighborhood
52,2292,حي الخبيبية,Al Khubaybia neighborhood
39,3888,حي النسيم,Al Naseem neighborhood
91,2582,حي الملك فهد,King Fahd neighborhood
2,58,حي النزهة,Al Nuzha neighborhood
21,548,حي المروج,Marouj neighborhood
12,1090,حي الشراع,Al Sharaa neighborhood
78,2446,حي القادسية,Al Qadisiyah neighborhood
13,268,حي السلام,As Salam neighborhood
66,3524,حي الصالحية,Salihiya neighborhood
78,2456,حي الياسمين,Al yasmin neighborhood
41,2940,حي الجماوات,Al Jamwat neighborhood
66,3648,حي مشرفة,Mishrifah neighborhood
46,1548,حي الراشدية,Al Rashidiya neighborhood
66,3468,حي الحمدانية,Al Hamdania neighborhood
52,2320,حي الصبيحية,Al Subaihia neighborhood
5,4434,حي شهبة,Shahba neighborhood
66,3556,حي الفيحاء,Al Fayhaa neighborhood
65,162,حي المطار,Al Matar neighborhood
55,3892,حي البساتين,Al Basateen neighborhood
52,2290,حي الخالدية,Khalidiya neighborhood
46,1670,حي مخطط علي الخرس واحمد الشهاب,Ali Alkhars & Ahmed Alshihab neighborhood
9,3272,حي السلام,As Salam neighborhood
21,450,حي الروابي,Al Rawabi neighborhood
41,3074,حي قربان,Qaraban neighborhood
42,2254,حي نبعه,Naba'a neighborhood
92,4090,حي البلد,Al Balad neighborhood
26,3356,حي الوكيف,Al Wakif neighborhood
91,2498,حي الخليج,Al Khaleej neighborhood
13,262,حي الرفيعة,Al Rafia neighborhood
88,1990,حي الناصرية,Nasiriyah neighborhood
80,1858,حي النور,AN Nur neighborhood
34,3380,حي الازهار,Al Azhar neighborhood
29,1356,حي الحصيمه,Al Hasaymah neighborhood
52,2302,حي الروابي,Al Rawabi neighborhood
21,638,حي ام الحمام الشرقي,Umm al Hamam al Sharqi neighborhood
17,328,حي السليمانية,Sulaymaniyah neighborhood
21,496,حي العريجاء,Al Arja neighborhood
21,448,حي الرماية,Ar Rimayah neighborhood
41,3034,حي ام خالد,Umm Khaled neighborhood
94,3698,حي الجميزة,Al Gamiziza neighborhood
18,1180,حي احد,Uhud neighborhood
94,3754,حي القرارة والنقا,Al Qarara and Al Nouqa neighborhood
16,320,حي شمال الدرعية,North Diriyah neighborhood
45,1504,حي الربيع,Ar Rabi neighborhood
21,478,حي الشفا,Al Shifa neighborhood
21,704,حي غرناطة,Granada neighborhood
66,3446,حي البشائر,Al Bashaer neighborhood
52,2358,حي المنتزه الجنوبي,Al Muntazah Al Janubi neighborhood
26,3360,حي ام العراد,Umm Al Arad neighborhood
41,3078,حي كتانة,Katana neighborhood
91,2512,حي الروغاني,Al Roghani neighborhood
41,3008,حي القبلتين,Al Qiblatayn neighborhood
64,3416,حي ثول,Thuwal neighborhood
41,3054,حي حثم,Hathm neighborhood
52,2392,حي خب القصبا,Khub Al Qasba neighborhood
94,3780,حي الهنداوية,Al Hindawia neighborhood
26,3368,حي شهار,Shahr neighborhood
26,3366,حي شبرا,Shubra neighborhood
64,3414,حي القضيمة,Al Qadimah neighborhood
84,188,حي الحسيني,Al Husseini neighborhood
66,3470,حي الحمراء,Al Hamra neighborhood
30,810,حي النفل,Nafl neighborhood
20,2136,حي الحزم,Al Hazm neighborhood
21,532,حي القدس,Jerusalem neighborhood
26,3372,حي قروى,Qarawi neighborhood
21,560,حي المعذر الشمالي,Al Muhdar Al Shamali neighborhood
26,3338,حي الفيصلية,Al Faisaliah neighborhood
13,258,حي الخزامى,Al Khuzami neighborhood
6,2096,حي الوسطى,Al wusayta neighborhood
94,3724,حي السلامة,Salama neighborhood
67,2058,حي الوسيطاء,Al Wasita neighborhood
82,944,حي الرحبة,Al Rahba neighborhood
84,226,حي المعترض,Al Mu'tarid neighborhood
41,2948,حي الخاتم,Al Khatim neighborhood
68,1748,حي التلال,Tilal neighborhood
91,2530,حي الشعيب,Al Shuaib neighborhood
66,3498,حي الساحل,Al Sahel neighborhood
21,586,حي المنصورية,Mansourieh neighborhood
41,2974,حي السكب,Al Sakb neighborhood
52,2326,حي الضاحي,Al Dahi neighborhood
59,2844,حي الروضة,Al Rawda neighborhood
94,3728,حي الشبيكة,Al Shabika neighborhood
20,2146,حي الزهرة,Al Zahra neighborhood
1,3784,حي ابها الجديدة,Abha Al Jadidah neighborhood
46,1626,حي الملك فهد,King Fahd neighborhood
7,2124,حي الهلالية,Al Hilalia neighborhood
46,1572,حي الشعبة,Al Shuabah neighborhood
45,1512,حي المحمدية,Muhammadiyah neighborhood
70,4056,حي النسيم,Al Naseem neighborhood
18,1322,حي غرناطة,Granada neighborhood
96,4408,حي مخطط العريسة الشمالي,Alaraysah Ash Shamali Subdivision neighborhood
5,4432,حي رغدان,Raghadan neighborhood
52,2328,حي العجيبة,Al Ajiba neighborhood
52,2264,حي الامن,Al Amn neighborhood
41,3060,حي رهط,Rahat neighborhood
13,282,حي المنتزة,Al Montazah neighborhood
46,1610,حي المحمدية,Muhammadiyah neighborhood
18,1260,حي العمامرة,Amamra neighborhood
21,440,حي الربيع,Ar Rabi neighborhood
46,1598,حي القادسية,Al Qadisiyah neighborhood
57,3956,حي الفهد,Al Fahd neighborhood
82,948,حي الشفاء,Al Shifa neighborhood
84,208,حي الظبيه,Al Dhabyah neighborhood
46,1542,حي الخرس,Al Kharras neighborhood
18,1304,حي النهضة,Al Nahda neighborhood
18,1184,حي الاتصالات,Al Itisalat neighborhood
21,668,حي ديراب,Dirab neighborhood
46,1620,حي المطيرفي,Al Mutairfi neighborhood
91,2586,حي المنتزة,Al Montazah neighborhood
94,3772,حي النسيم,Al Naseem neighborhood
45,1500,حي التشاليح,Al Chalayeh neighborhood
84,216,حي الفردوس,Al Firdous neighborhood
6,2070,حي البساتين,Al Basateen neighborhood
91,2494,حي الخالدية,Khalidiya neighborhood
2,56,حي المهدج,Al Mahdaj neighborhood
91,2502,حي الذهبي,Al Dhahabi neighborhood
69,916,حي الحلة,Hilla neighborhood
59,2838,حي ابو سبعة,Abu Sabah neighborhood
18,1228,حي الريان,Al Rayyan neighborhood
9,3266,حي ابو عروة,Abu Arwah neighborhood
66,3492,حي الريان,Al Rayyan neighborhood
66,3560,حي القريات,Qurayyat neighborhood
46,1608,حي المثلث,Al Muthallath neighborhood
66,3564,حي القوزين,Al Quozin neighborhood
41,3042,حي بني عبدالاشهل,Bani Abdul Ashahl neighborhood
66,3484,حي الروابي,Al Rawabi neighborhood
41,2942,حي الجمعة,Al Juma'a neighborhood
35,842,حي المروج,Marouj neighborhood
53,2014,حي بقعاء,Baqa'a neighborhood
31,2012,حي الغزالة,Al Ghazala neighborhood
41,2926,حي الاسكان,Al Iskan neighborhood
66,3442,حي البركة,Al Baraka neighborhood
91,2640,حي مليحة,Maliha neighborhood
43,892,حي شخيب,Shukhaib neighborhood
52,2280,حي الجردة,Al Jardah neighborhood
19,378,حي النهضة,Al Nahda neighborhood
79,2796,حي مخطط المنح الخاصة,Alminah neighborhood
17,340,حي الناصرية,Nasiriyah neighborhood
52,2396,حي خب روضان,Khubrudan neighborhood
21,394,حي الاسكان,Al Iskan neighborhood
52,2372,حي النقع الغربية,Al Naq' Al Gharbiyyah neighborhood
21,626,حي الوزارات,Al Wizarat neighborhood
18,1220,حي الدواسر,Al Dawasir neighborhood
4,3852,حي الصالحية,Salihiya neighborhood
70,4072,حي سكن المدينة العسكرية,Military City Housing neighborhood
21,620,حي الواحة,Al Waha neighborhood
12,1068,حي الحزام الذهبي,Alhizam Althahabi neighborhood
21,662,حي جرير,Jarir neighborhood
91,2606,حي الواحة,Al Waha neighborhood
2,72,حي حاكمة ابوعريش,Hakimatabi Arish neigborhood
52,2260,حي الاخضر,Al Akhdar neighborhood
66,3574,حي المتنزهات,Al Muntazahat neighborhood
21,484,حي الصالحية,Salihiya neighborhood
26,3344,حي المثناه,Al Muthana neighborhood
93,3680,حي منطقة محطة القطار,Train Station Area neighborhood
91,2504,حي الرحمانية,Al Rahmaniyah neighborhood
13,276,حي العالية,Al Alia neighborhood
21,490,حي الصناعية,Industrial neighborhood
19,354,حي الربوة,Ar Rabwah neighborhood
41,2988,حي الظاهرة,Adh Dhahirah neighborhood
52,2334,حي الغماس,Al Ghammas neighborhood
91,2506,حي الرمال,Ar Rimal neighborhood
15,1148,حي السلام,As Salam neighborhood
15,1160,حي المحمدية,Muhammadiyah neighborhood
91,2508,حي الروابي,Al Rawabi neighborhood
20,2170,حي وادي الرمة,Wadi Al Rama neighborhood
12,1100,حي الكوثر,Al Kawthar neighborhood
41,2924,حي ابو كبير,Abu Kabir neighborhood
27,1340,حي الدانة الشمالية,Al Danah Ash Shamaliyah neighborhood
26,3326,حي السلامة,Salama neighborhood
52,2414,حي وهطان,Wahtan neighborhood
34,3388,حي الشرقية,Al Sharqiyyah neighborhood
41,3028,حي النقس,An Naqs neighborhood
67,2046,حي المطار,Al Matar neighborhood
52,2272,حي التشليح,Vehiclescrap Subdivision neighborhood
66,3650,حي مطار الملك عبدالعزيز الدولي,King Abdulaziz International Airport neighborhood
92,4088,حي البصرة,Basra neighborhood
12,1082,حي الرجاء,Al Rajaa neighborhood
21,474,حي الشرفية,Al Sharafeyah neighborhood
19,346,حي الخالدية,Khalidiya neighborhood
15,1152,حي العزيزية,Al Azizia neighborhood
94,3686,حي البحيرات,Al Buhayrat neighborhood
67,2062,حي حدري البلاد,Hadri Al Bilad neighborhood
12,1058,حي التعاون,At Taawun neighborhood
73,3658,حي الصبوح,Al Sabouh neighborhood
52,2270,حي البصر,Al Basr neighborhood
41,2994,حي العزيزية,Al Azizia neighborhood
91,2528,حي السليمانية,Sulaymaniyah neighborhood
91,2492,حي الحمراء,Al Hamra neighborhood
40,874,حي اليرموك,Yarmouk neighborhood
52,2348,حي المريديسية,Al Maradisia neighborhood
91,2532,حي الشفاء,Al Shifa neighborhood
15,1132,حي الجوهرة,Al Jawhara neighborhood
41,3062,حي سيد الشهداء,Sayed Al Shuhada neighborhood
41,3000,حي العيون,Al Ayoun neighborhood
94,3738,حي الطندباوي,Al Tandbawi neighborhood
91,2574,حي المستودعات,Warehouse neighborhood
46,1646,حي بني معن,Bani Maan neighborhood
1,3802,حي الضباب,Al Dabab neighborhood
52,2342,حي القصيعة,Al Qasaya neighborhood
12,1112,حي الهدا,Al Hada neighborhood
79,2736,حي الفاروق,Al Farouq neighborhood
23,778,حي الديرة,Al Deira neighborhood
78,2436,حي الريان,Al Rayyan neighborhood
52,2286,حي الحمر,Al Hamar neighborhood
52,2318,حي الصباخ,Al Sabkha neighborhood
91,2536,حي الصفا,Al Safa neighborhood
52,2330,حي العريمضي,Al Uraymdi neighborhood
52,2346,حي اللسيب,Al Lasib neighborhood
91,2624,حي دمشية,Damshiah neighborhood
66,3582,حي المدينة الصناعية الثانية,The second industrial city neighborhood
19,382,حي حطين,Hittin neighborhood
26,3330,حي الشهداء الجنوبية,Ashuhada Aljanubiyyah neighborhood
97,3128,حي البحيرة,Al Buhaira neighborhood
6,2102,حي قرطبة,Cordoba neighborhood
67,2050,حي المنتزه الغربي,Al Montazah Al Gharbi neighborhood
46,1632,حي النايفية,Al Nayefiyah neighborhood
18,1252,حي الضباب,Al Dabab neighborhood
41,3082,حي مسجد الدرع,Masjid Ad Dar neighborhood
17,342,حي سدير,Sudair neighborhood
65,142,حي البشائر,Al Bashaer neighborhood
91,2486,حي الحديقة,Al Hadiqah neighborhood
46,1560,حي الزهرة,Al Zahra neighborhood
59,2876,حي المصيف,Al Masif neighborhood
97,3202,حي العزيزية,Al Azizia neighborhood
52,2394,حي خب الكيفة,Khub Al Kifah neighborhood
21,418,حي الخالدية,Khalidiya neighborhood
42,2230,حي الروضة,Al Rawda neighborhood
43,896,حي غرناطة,Granada neighborhood
42,2248,حي الورود,Al Worod neighborhood
52,2262,حي الاسكان,Al Iskan neighborhood
20,2142,حي الروضة,Al Rawda neighborhood
21,432,حي الدوبية,Al Dubiyah neighborhood
66,3478,حي الرحاب,Al Rehab neighborhood
41,3036,حي بني بياضة,Bani Bayeda neighborhood
41,3046,حي بئر عثمان,Bir Othman neighborhood
52,2386,حي خب الجطيلي,Khub Al Jutaili neighborhood
62,2904,حي التجاري,Trade neighborhood
80,1834,حي الديرة,Al Deira neighborhood
68,1776,حي العزيزية,Al Azizia neighborhood
26,3348,حي النزهة,Al Nuzha neighborhood
70,4030,حي الصقور,Al Saqour neighborhood
59,2892,حي بترومين,Petromin neighborhood
80,1836,حي الزهور,Al Zuhur neighborhood
37,3396,حي الكليبية,Al Kulaibiya neighborhood
26,3342,حي القمرية,Al Kamariya neighborhood
29,1364,حي العوضية,Al Awadiyah neighborhood
46,1606,حي الكوت النعاثل,Al Koot Al Naathil neighborhood
91,2638,حي مريبدة,Maribdah neighborhood
52,2390,حي خب القبر,Khubal Qabr neighborhood
8,992,حي الحويلات,Al Hawilaat neighborhood
40,862,حي المرقب,Al Marqab neighborhood
18,1194,حي الأمل,Al Amal neighborhood
52,2268,حي البشر,Al Bishr neighborhood
52,2408,حي مخطط الرواف,Al Rawaf subdivision neigborhood
94,3732,حي الشهداء,Al Shuhada neighborhood
68,1806,حي غرناطة,Granada neighborhood
21,458,حي الزهرة,Al Zahra neighborhood
14,3294,حي الحارثية,Al Harithia neighborhood
8,1020,حي سدير,Sudair neighborhood
97,3154,حي الخالد,Al Khaled neighborhood
70,4066,حي ام سرور,Umm Sorour neighborhood
66,3500,حي السامر,Samer neighborhood
94,3762,حي المشاعر,Al Mashaer neighborhood
66,3474,حي الخمرة,Al Khomrah neighborhood
94,3720,حي الزاهر,Al Zahir neighborhood
43,894,حي طويق,Tuwaiq neighborhood
69,932,حي المنار,Al Manar neighborhood
91,2584,حي المنار,Al Manar neighborhood
2,74,حي رح الحجاجة,Rahal Hagagah neighborhood
70,4060,حي الهرير,Al Harir neighborhood
17,334,حي الصحنة,Al Sahnah neighborhood
21,658,حي جامعة الملك سعود,King Saud University neighborhood
46,1576,حي الشهابية,Al Shihabia neighborhood
46,1650,حي جامعة الملك فيصل,King Faisal University neighborhood
13,252,حي البرج,Al Burj neighborhood
92,4102,حي الزهراء,Al Zahra neighborhood
46,1652,حي جنوب الهفوف,Al Hofuf South neighborhood
46,1546,حي الرابية,Rabieh neighborhood
22,770,حي عريعرة,Urai'erah neighborhood
52,2378,حي الوسيطى,Al Wasiti neighborhood
46,1584,حي الطرف,Al Tarf neighborhood
41,3058,حي ذو الحليفة,Dhul Hulaifah neighborhood
24,2186,حي الصناعية,Industrial neighborhood
66,3628,حي بترومين,Petromin neighborhood
52,2274,حي التغيرة,At Taghirah neighborhood
46,1618,حي المزروعية,Al Mazruiyah neighborhood
60,3988,حي الزهور,Al Zuhur neighborhood
17,336,حي العذراء,Al Azra'a neighborhood
30,798,حي الزهور,Al Zuhur neighborhood
18,1226,حي الروضة,Al Rawda neighborhood
18,1236,حي السيف,Al Seef neighborhood
97,3236,حي المهن,Al Mehan neighborhood
18,1330,حي ميناء الملك عبدالعزيز,King Abdulaziz Port neighborhood
21,456,حي الزهراء,Al Zahra neighborhood
68,1768,حي السليمانية,Sulaymaniyah neighborhood
68,1780,حي الفيصلية,Al Faisaliah neighborhood
91,2602,حي النقيلية,Al Nuqiliya neighborhood
20,2166,حي اليرموك,Yarmouk neighborhood
85,1894,حي المصيف,Al Masif neighborhood
70,4058,حي النهضة,Al Nahda neighborhood
80,1832,حي الخليج,Al Khaleej neighborhood
84,232,حي النزهة,Al Nuzha neighborhood
54,1680,حي اشبيلية,Ishbiliyah neighborhood
67,2042,حي المزعبر,Al Muzaabar neighborhood
70,4004,حي البوادي,Al Bawadi neighborhood
19,380,حي بدر,Badr neighborhood
43,882,حي الصناعية,Industrial neighborhood
84,222,حي المجد,Al Majd neighborhood
26,3336,حي العقيق,Al Aqiq neighborhood
9,3276,حي الشهداء,Al Shuhada neighborhood
5,4428,حي الزرقاء,Zarqa neighborhood
54,1704,حي قرطبة,Cordoba neighborhood
41,3072,حي عين الخيف,Ain Al Khif neighborhood
79,2742,حي المحمدية,Muhammadiyah neighborhood
54,1684,حي البساتين,Al Basateen neighborhood
54,1700,حي النزهة,Al Nuzha neighborhood
7,2110,حي الخالدية,Khalidiya neighborhood
42,2244,حي المنتزه,Al Montazah neighborhood
68,1766,حي الريان,Al Rayyan neighborhood
2,52,حي المضايا,Al Madaya neighborhood
28,2210,حي الصخيرات,Skhirat neighborhood
57,3976,حي الوادي,Al Wadi neighborhood
59,2868,حي الفيصلية الجنوبية,Al faysaliyyah Al Janubiyyah
91,2510,حي الروضة,Al Rawda neighborhood
41,3070,حي عروة,Orwah neighborhood
91,2554,حي الفيحاء,Al Fayhaa neighborhood
89,980,حي الملز,Al Malaz neighborhood
91,2626,حي ربوة الحاجب,Rabwatal Hajeb neighborhood
66,3536,حي العدل,Al Adel neighborhood
21,482,حي الشهداء,Al Shuhada neighborhood
50,2830,حي الضويحي,Al Dhwaihi neighborhood
57,3940,حي الرمال,Ar Rimal neighborhood
22,736,حي السلام,As Salam neighborhood
97,3256,حي رضوى,Radwa neighborhood
84,206,حي الصفاء,Al Safa neighborhood
84,210,حي العريش,Al Arish neighborhood
94,3726,حي السليمانية,Sulaymaniyah neighborhood
9,3280,حي العزيزية,Al Azizia neighborhood
8,1010,حي المنطقة الصناعية الاولى,The first industrial area neighborhood
22,734,حي الريان,Al Rayyan neighborhood
61,2016,حي تربه,Trubah neighborhood
88,1970,حي الربوه,Al Rabuh neighborhood
66,3466,حي الجوهرة,Al Jawhara neighborhood
68,1758,حي الرائد,Al Raed neighborhood
26,3340,حي القطبية,Al Qutbiyyah neighborhood
76,942,حي رماح,Ramah neighborhood
25,2002,حي الصناعية,Industrial neighborhood
74,1816,حي الروضة,Al Rawda neighborhood
52,2306,حي الزرقاء,Zarqa neighborhood
21,700,حي عليشة,Ulaishah neighborhood
57,3932,حي الخزامى,Al Khuzami neighborhood
91,2464,حي الاشرفية,Ashrafieh neighborhood
46,1638,حي الهدى,Al Huda neighborhood
41,3064,حي شظاة,Shadhah neighborhood
21,434,حي الديرة,Al Deira neighborhood
79,2756,حي المروج,Marouj neighborhood
68,1752,حي الخالدية,Khalidiya neighborhood
46,1592,حي العقار,Al Aqar neighborhood
19,370,حي الفيصلية,Al Faisaliah neighborhood
2,30,حي الشعوب,Al Shoub neighborhood
13,256,حي الخالدية,Khalidiya neighborhood
82,952,حي المنطقة الصناعية,The Industrial area neighborhood
68,1804,حي اليرموك,Yarmouk neighborhood
22,760,حي اليمامة,Al Yamamah neighborhood
3,130,حي خلب,Khaleb neighborhood
91,2614,حي الوهلان,Al Wahlan neighborhood
88,1986,حي المطار,Al Matar neighborhood
46,1522,حي البصيرة,Al Basira neighborhood
20,2144,حي الريان,Al Rayyan neighborhood
21,392,حي الازدهار,Al Azhar neighborhood
50,2822,حي الجبنون,Al Jaboun neighborhood
52,2294,حي الدعيسة,Al Daeisa neighborhood
17,326,حي السعيدان,Al Saeedan neighborhood
91,2496,حي الخزامى,Al Khuzami neighborhood
82,946,حي الروضة,Al Rawda neighborhood
70,4022,حي السد,Al Sad neighborhood
8,1030,حي مكة,Makkah neighborhood
13,270,حي السليمانية,Sulaymaniyah neighborhood
42,2242,حي القفيفة,Al Qafifa neighborhood
70,4012,حي الدوحة,Doha neighborhood
46,1672,حي مدينة الجفر,Madinat Al Jafr neighborhood
39,3876,حي الربيع,Ar Rabi neighborhood
68,1760,حي الربوة,Ar Rabwah neighborhood
82,960,حي غسلة,Ghislah neighborhood
43,878,حي الحزيمية,Al Hozaimiyah neighborhood
17,338,حي العويمرية,Al Awimariya neighborhood
80,1854,حي النسيم,Al Naseem neighborhood
4,3854,حي العزيزية,Al Azizia neighborhood
96,4382,حي القابل,Al Qabil neighborhood
89,966,حي الحجاج,Al Hajjaj neighborhood
10,240,حي العثمانية,Othmania neighborhood
41,2998,حي العهن,Al Ihn neighborhood
66,3642,حي مدائن الفهد,Madain Al Fahd neighborhood
73,3654,حي الصليب الغربي,Al Silayyib Al Gharbi neighborhood
85,1866,حي ابو معن,Abu Maan neighborhood
41,2986,حي الصادقية,Al Sadiqia neighborhood
7,2114,حي الزهرة,Al Zahra neighborhood
86,2918,حي البلد,Al Balad neighborhood
41,3044,حي بني معاوية,Bani Muawiyah neighborhood
30,796,حي الربيع,Ar Rabi neighborhood
35,840,حي الضريب,Al Darib neighborhood
57,3924,حي الامير سلطان,Prince Sultan neighborhood
41,2964,حي الرمانة,Al Rummana neighborhood
66,3570,حي الكوثر,Al Kawthar neighborhood
1,3836,حي شمسان,Shamsan neighborhood
2,92,حي مزهرة,Mizhirah neighborhood
74,1812,حي الاندلس,Andalusia neighborhood
42,2240,حي القادسية,Al Qadisiyah neighborhood
30,800,حي الصناعية,Industrial neighborhood
67,2022,حي البدنة,Al badnah neighborhood
94,3746,حي العسيلة,Al Aseila neighborhood
46,1616,حي المزروع,Al Mazrouh neighborhood
80,1860,حي غرب النابية,Gharb An Nabiyah neighborhood
26,3332,حي الشهداء الشمالية,Ashuhada Ashamaliyyah neighborhood
72,2698,حي الملك فهد الجنوبي,King Fahd Al Janubi neighborhood
15,1146,حي الزهور,Al Zuhur neighborhood
46,1636,حي النسيم,Al Naseem neighborhood
61,3408,حي العلاوة,Al Olawah neighborhood
91,2560,حي القصور,Qusoor neighborhood
59,2874,حي المروج ب,Al Muruj-B neighborhood
18,1218,حي الدانة,Dana neighborhood
30,812,حي الورود,Al Worod neighborhood
21,624,حي الورود,Al Worod neighborhood
75,1940,حي اليرموك,Yarmouk neighborhood
66,3512,حي السنابل,Al Sanabel neighborhood
39,3886,حي الفيصلية,Al Faisaliah neighborhood
6,2078,حي الشيرمي,Al Shirmi neighborhood
18,1278,حي المحمدية,Muhammadiyah neighborhood
6,2088,حي العزيزية,Al Azizia neighborhood
46,1624,حي المعلمين الغربية,Al Muallimin Al Gharbiyyah neighborhood
18,1246,حي الصدفة,Al Sadafah neighborhood
6,2094,حي النخيل,Al Nakheel neighborhood
6,2100,حي رامات,Ramat neighborhood
2,76,حي رح صعبة,Rahsaa'bah neighborhood
3,134,حي سوق الليل,Souk Al Layl neighborhood
52,2406,حي عين الذيب,Ain Al Theeb neighborhood
59,2894,حي رحيل,Rahil neighborhood
21,400,حي البرية,Al Birriyyah neighborhood
42,2228,حي الخزامي,Al Khuzami neighborhood
30,806,حي المصيف,Al Masif neighborhood
8,990,حي الحجاز,Al Hijaz neighborhood
18,1310,حي الهضبة,Al Hadaba neighborhood
72,2684,حي الغدير الجنوبي,Al Ghadir Al Janubi neighborhood
6,2068,حي الاندلس,Andalusia neighborhood
21,574,حي الملك عبدالله,King Abdullah neighborhood
15,1168,حي المنطقة الصناعية الثانية,The second industrial area neighborhood
21,488,حي الصفا,Al Safa neighborhood
97,3182,حي الشاطئ,Al Shati neighborhood
70,4016,حي الرصراص,Al Rasras neighborhood
51,3106,حي المفرق,Mafraq neighborhood
97,3170,حي السلام,As Salam neighborhood
19,358,حي الريان,Al Rayyan neighborhood
21,712,حي مطار الملك خالد الدولي,King Khalid International Airport neighborhood
26,3376,حي معشي,Ma'ashi neighborhood
16,312,حي الفيصلية,Al Faisaliah neighborhood
6,2066,حي الاصفر,Al Asfar neighborhood
33,1420,حي الرضا,Al Rida neighborhood
33,1464,حي المستودعات,Warehouse neighborhood
4,3840,حي الخالدية,Khalidiya neighborhood
18,1182,حي اسكان الدمام,Iskan Dammam neighborhood
52,2300,حي الرفيعة,Ar Rafiah neighborhood
1,3820,حي المنهل,Al Manhal neighborhood
82,950,حي الملك فهد,King Fahd neighborhood
4,3844,حي الرونه,Al Rawna neighborhood
91,2466,حي البديعة,Al Badia neighborhood
18,1314,حي جامعة الدمام,Dammam University neighborhood
1,3830,حي الوصايف,Al Wasayif neighborhood
42,2250,حي ام عشيرة,Umm Ushayrah neighborhood
67,2024,حي الخريمي,Al Khuraimi neighborhood
23,786,حي الملك عبدالعزيز,King Abdulaziz District
15,1150,حي الشاطئ,Al Shati neighborhood
26,3328,حي الشرقية,Ash Sharqiyyah neighborhood
91,2594,حي النرجس,An Narjis neighborhood
92,4108,حي الضرس,Al Dirs neighborhood
70,4044,حي المثناة,Al Mathnah neighborhood
6,2082,حي العبدلية,Al Abdaliya neighborhood
19,364,حي الصناعية,Industrial neighborhood
60,3980,حي التعاون,At Taawun neighborhood
18,1188,حي الامانة,Al Amana neighborhood
15,1174,حي الياسمين,Al yasmin neighborhood
72,2676,حي الصفاه الشمالي,Al Safa Al North neighborhood
19,386,حي مصده,Masada neighborhood
19,388,حي منطقة الاستراحات,Mantiqatal Istirahat
68,1740,حي ابو موسى الاشعري,Abu Musa Al Ash'ari neighborhood
13,294,حي اليمامة,Al Yamamah neighborhood
94,3748,حي العكيشية,Al Akishia neighborhood
66,3546,حي الفردوس,Al Firdous neighborhood
91,2518,حي الزاهر,Al Zahir neighborhood
46,1550,حي الرفعة الشمالية,Al Rafaa North neighborhood
2,44,حي المريخية,Al Marrekheiah neighborhood
19,374,حي الملك فهد,King Fahd neighborhood
18,1294,حي الناصرية,Nasiriyah neighborhood
57,3936,حي الربوة,Ar Rabwah neighborhood
66,3462,حي الثغر,Al Thaghr neighborhood
85,1870,حي البدور,Al Badour neighborhood
10,242,حي المدينة الجديدة,Hai M'dina El Djadida
8,1024,حي مخطط السروات,Al Sarawat Subdivision neighborhood
46,1588,حي العتبان,Al Atban neighborhood
80,1864,حي قرطبة,Cordoba neighborhood
41,2982,حي الشريبات,Al Shuraibat neighborhood
1,3828,حي الوردتين,Al Wardatain neighborhood
68,1800,حي الوادي,Al Wadi neighborhood
65,164,حي المنطقة الصناعية,The Industrial area neighborhood
22,728,حي الدرعية,Diriyah neighborhood
74,1818,حي الزهور,Al Zuhur neighborhood
15,1172,حي النهضة,Al Nahda neighborhood
81,4362,حي مخطط أ,Subdivision A neighborhood
8,994,حي الخليج,Al Khaleej neighborhood
85,1898,حي ام الساهك,Umm Al Sahk neighborhood
24,2196,حي الميدان,Al Midan neighborhood
21,420,حي الخزامى,Al Khuzami neighborhood
66,3522,حي الشفا,Al Shifa neighborhood
66,3562,حي القرينة,Quraina neighborhood
46,1644,حي اليحيى,Al Yahya neighborhood
41,3006,حي الفتح,Al Fateh neighborhood
4,3842,حي الخليج,Al Khaleej neighborhood
22,726,حي الخالدية,Khalidiya neighborhood
79,2782,حي مخطط الزهور,Al Zuhur Subdivision neighborhood
7,2104,حي ابن خلدون,Ibn Khaldun neighborhood
18,1268,حي الفنار,Al Fanar neighborhood
41,3016,حي المصانع,Al-Masani' neighborhood
57,3968,حي النخيل,Al Nakheel neighborhood
96,4396,حي شمال الفهد,Northern Al Fahd neighborhood
17,330,حي السماري,Al Samari neighborhood
30,790,حي الاندلس,Andalusia neighborhood
21,524,حي الفوطة,Al Futah neighborhood
42,2252,حي قرطبة,Cordoba neighborhood
28,2208,حي السلام,As Salam neighborhood
84,190,حي الحشيبرية,Hashbaria neighborhood
97,3242,حي النزهة,Al Nuzha neighborhood
59,2850,حي السلمان,Al Salman neighborhood
15,1162,حي المروج,Marouj neighborhood
57,3930,حي التضامن,Tadamon neighborhood
2,24,حي السر,Al Sir neighborhood
91,2568,حي المدوية,Al Mudwiah neighborhood
52,2360,حي الموطا,Al Mouta neighborhood
18,1258,حي العزيزية,Al Azizia neighborhood
19,360,حي السلام,As Salam neighborhood
5,4426,حي الراعب,Alra'ib neighborhood
40,866,حي المطار,Al Matar neighborhood
42,2238,حي الصناعية,Industrial neighborhood
97,3136,حي التعاون,At Taawun neighborhood
30,792,حي البستان,Al Bustan neighborhood
79,2718,حي الروضة,Al Rawda neighborhood
79,2778,حي قارا,Qara neighborhood
65,160,حي القلعة,Castle neighborhood
16,308,حي الطريف,Al Tarif neighborhood
81,4354,حي الفيصلية,Al Faisaliah neighborhood
17,322,حي الخالدية,Khalidiya neighborhood
61,3400,حي البلد,Al Balad neighborhood
70,4036,حي العزيزية,Al Azizia neighborhood
67,2028,حي الخماشية,Al khamashiyyah neighborhood
22,746,حي الفاروق,Al Farouq neighborhood
20,2134,حي الجندل,Al Jandal neighborhood
70,4050,حي المنتزه,Al Montazah neighborhood
66,3626,حي ام حبلين,Umm Habelin neighborhood
40,854,حي الجامعيين,Al Jamiyin neighborhood neighborhood
41,2934,حي الجابرة,Al Jabra neighborhood
66,3434,حي الامير فواز الجنوبي,Al Amir Fawwaz Al Junoobi neighborhood
7,2122,حي النهضة,Al Nahda neighborhood
12,1042,حي الاسكان,Al Iskan neighborhood
7,2108,حي البيضاء,Al Bayda neighborhood
1,3790,حي الخشع,Al Khasha neighborhood
19,344,حي الحرمين,Al Haramain neighborhood
52,2266,حي البريكة,Al Braika neighborhood
71,3114,حي الفيصلية,Al Faisaliah neighborhood
59,2862,حي العزيزية القديمة,Al Aziziyah Al Qadimah neighborhood
52,2374,حي الهلال,Al Hilal neighborhood
5,4436,حي وسط المدينة,Downtown neighborhood
41,3026,حي النخيل,Al Nakheel neighborhood
20,2156,حي المطار,Al Matar neighborhood
52,2366,حي النسيم,Al Naseem neighborhood
39,3868,حي الاندلس,Andalusia neighborhood
59,2890,حي الورود,Al Worod neighborhood
57,3970,حي النزهة,Al Nuzha neighborhood
68,1786,حي المصيف,Al Masif neighborhood
37,3398,حي الليث,Laith neighborhood
27,1332,حي ارامكو السعودية,Saudi Aramco neighborhood
54,1690,حي الصناعية,Industrial neighborhood
80,1848,حي الكوثر,Al Kawthar neighborhood
35,844,حي الواحة,Al Waha neighborhood
21,562,حي المعكال,Mikal neighborhood
40,872,حي الملك فهد,King Fahd neighborhood
46,1574,حي الشعبى,Al Shaabi neighborhood
21,678,حي صياح,Siyah neighborhood
2,18,حي الروضة,Al Rawda neighborhood
15,1144,حي الريان,Al Rayyan neighborhood
43,888,حي المروج,Marouj neighborhood
48,2808,حي الصفا,Al Safa neighborhood
40,858,حي الروضة,Al Rawda neighborhood
20,2128,حي الاحتفالات,Al Ihtifalat neighborhood
8,1002,حي الفيحاء,Al Fayhaa neighborhood
24,2198,حي النخيل,Al Nakheel neighborhood
6,2074,حي الدحلة,Al Dahleh neighborhood
19,350,حي الدرع,Al Dar neighborhood
68,1796,حي النهضة,Al Nahda neighborhood
15,1130,حي التعاون,At Taawun neighborhood
57,3942,حي الروضة,Al Rawda neighborhood
59,2860,حي العزيزية الجديدة,Al Aziziyah Al Jadidah neighborhood
72,2696,حي الملك فهد,King Fahd neighborhood
67,2020,حي البحيرة,Al Buhaira neighborhood
13,286,حي المنيفية,Al Munifiyah neighborhood
51,3100,حي العدوة,Al Adwa neighborhood
94,3778,حي الهجلة,Al Hajlah neighborhood
68,1790,حي النايفية,Al Nayefiyah neighborhood
65,140,حي الاراك,Arak neighborhood
96,4406,حي مخطط العريسة الجنوبي,Al Araysah Al Janubi Subdivision neighborhood
46,1590,حي العزيزية,Al Azizia neighborhood
84,202,حي الريان,Al Rayyan neighborhood
33,1470,حي الملاحة,Al Mallahah neighborhood
48,2804,حي البلد,Al Balad neighborhood
78,2426,حي الخزان,Al Khazan neighborhood
70,4040,حي القافلة,Al Qafilah neighborhood
83,172,حي الجرادية,Al Jaradiya neighborhood
68,1744,حي الباطن,Al Batin neighborhood
63,908,حي العزيزية,Al Azizia neighborhood
79,2724,حي الشعيب,Al Shuaib neighborhood
57,3962,حي المروج,Marouj neighborhood
97,3234,حي المنطقة الصناعية,The Industrial area neighborhood
4,3850,حي السلامة,Salama neighborhood
65,148,حي الروضة,Al Rawda neighborhood
42,2222,حي الجديدة,Al Jadidah neighborhood
41,3048,حي جبل احد,Jabal Uhud neighborhood
84,230,حي النخيل,Al Nakheel neighborhood
35,832,حي الربوة,Ar Rabwah neighborhood
8,1016,حي جلمودة,Jalmudah neighborhood
91,2548,حي الغضا,Al Ghada neighborhood
83,180,حي الطريشة,Al Tarisha neighborhood
38,1498,حي المبرز,Al Mubarraz neighborhood
19,362,حي السنبلة,Al Sunbulah neighborhood
41,3020,حي المغيسلة,Al Mughisla neighborhood
41,2958,حي الدويمة,Al Duaimah neighborhood
42,2220,حي البستان,Al Bustan neighborhood
46,1630,حي المنيزلة,Al Munizila neighborhood
92,4096,حي الحيلة الغربي,Al Hailah West neighborhood
67,2018,حي اجا,Aga neighborhood
22,772,حي علقة,Ilqah neighborhood
25,1992,حي الازدهار,Al Azhar neighborhood
32,2644,حي الفيصلية,Al Faisaliah neighborhood
52,2282,حي الحصاة,Al Hasah neighborhood
68,1808,حي فليج,Fleij neighborhood
21,630,حي الوشام,Al Wisham neighborhood
91,2490,حي الحفيرة,Al Hafira neighborhood
59,2888,حي الهضيبة,Al Hudaybah neighborhood
41,2984,حي الشهباء,Al Shahba neighborhood
22,774,حي قرطبة,Cordoba neighborhood
41,3032,حي الوبرة,Al Wabra neighborhood
69,920,حي الشعيب,Al Shuaib neighborhood
22,768,حي طويق,Tuwaiq neighborhood
67,2044,حي المصيف,Al Masif neighborhood
70,4054,حي النزهة,Al Nuzha neighborhood
59,2846,حي الرويعيات,Al Ruwaiiyat neighborhood
1,3824,حي النسيم,Al Naseem neighborhood
42,2226,حي الخالدية,Khalidiya neighborhood
16,310,حي الطريف الجديدة,Tarif Al Jadidah neighborhood
57,3964,حي المطار,Al Matar neighborhood
91,2588,حي المنطقة الصناعية الاولى,The first industrial area neighborhood
3,108,حي العز,Al Ezz neighborhood
3,104,حي الروضة,Al Rawda neighborhood
26,3346,حي المنطقة المركزية,Al Mantiqah Al Markaziyyah neighborhood
52,2380,حي جرية العمران وخب الثنيان,Jaryatal Umran & Khub Ath Thinayan neighborhood
46,1552,حي الرفعةالجنوبية,Al Rifaa Al Janubiyah neighborhood
66,3598,حي النزلة الشرقية,Al Nazlah Al Sharqiyah neighborhood
66,3504,حي السروات,As Sarawat neighborhood
18,1286,حي المطار,Al Matar neighborhood
68,1770,حي الشفاء,Al Shifa neighborhood
15,1164,حي الملك فهد,King Fahd neighborhood
41,2922,حي ابو بريقاء,Abu Baraqa neighborhood
92,4092,حي الجنادرية,Al Janadriyah neighborhood
24,2176,حي البلاد,Al Bilad neighborhood
67,2034,حي السمراء,Al Samra neighborhood
84,220,حي الفيصلية,Al Faisaliah neighborhood
3,94,حي ابو حجر,Abu Hajar neighborhood
70,4076,حي شكر,Shukr neighborhood
57,3974,حي النهضة,Al Nahda neighborhood
22,766,حي سمنان,Samnan neighborhood
91,2546,حي العونية,Al Aounia neighborhood
63,910,حي الفيصلية,Al Faisaliah neighborhood
65,150,حي الزهور,Al Zuhur neighborhood
89,962,حي الاذاعة,Radio neighborhood
46,1596,حي الفاضلية,Al Fadiliyah neighborhood
83,182,حي صامطة,Samtah neighborhood
30,816,حي غرناطة,Granada neighborhood
4,3864,حي صفوان,Safwan neighborhood
54,1702,حي غرناطة,Granada neighborhood
97,3204,حي العصيلي,Al Usaylai neighborhood
40,860,حي الفحياء,Al Fayhaa neighborhood
80,1840,حي الصناعية,Industrial neighborhood
4,3860,حي النهضة,Al Nahda neighborhood
66,3636,حي جامعة الملك عبدالعزيز,King Abdulaziz University neighborhood
52,2398,حي خضيراء,Khudayra neighborhood
57,3966,حي الملك عبدالله,King Abdullah neighborhood
73,3660,حي الصمد,Al Samad neighborhood
46,1558,حي الروضة,Al Rawda neighborhood
21,572,حي الملك عبدالعزيز,King Abdulaziz neighborhood
21,654,حي جامعة الامام محمد بن سعود الاسلامية,Imam Muhammad bin Saud Islamic University neighborhood
91,2590,حي المنطقة الصناعية الثانية,The second industrial area neighborhood
68,1810,حي قرطبة,Cordoba neighborhood
70,4070,حي سكن القاعدة الجوية,Air Force base Housing neighborhood
20,2162,حي الملك فهد,King Fahd neighborhood
6,2090,حي العليا,Olaya neighborhood
91,2570,حي المروة,Marwa neighborhood
85,1888,حي العروبة,Al Urubah neighborhood
58,1722,حي الصدفة,Al Sadafah neighborhood
78,2442,حي السلاح,Al Silah neighborhood
33,1496,حي مياس,Mayas neighborhood
8,1034,حي نجد,Najd neighborhood
96,4400,حي مخطط الاثايبة الشمالية الزراعي,Alathaybah Ash Shamaliyyah Agricultural Subdivision
30,814,حي الياسمين,Al yasmin neighborhood
91,2470,حي البويطن,Al Buaiten neighborhood
20,2154,حي القادسية,Al Qadisiyah neighborhood
54,1696,حي المطار,Al Matar neighborhood
97,3138,حي الجابرية,Al Jabriya neighborhood
96,4386,حي المفرق,Mafraq neighborhood
67,2030,حي الزبارة,Zubarah neighborhood
97,3180,حي السويق,Al Suwaiq neighborhood
72,2708,حي خذماء,Khadama neighborhood
78,2444,حي الصناعية,Industrial neighborhood
70,4008,حي الخالدية,Khalidiya neighborhood
92,4104,حي السلامة,Salama neighborhood
2,50,حي المصايدة,Al Masaida neighborhood
96,4378,حي الفهد,Al Fahd neighborhood
57,3928,حي البوادي,Al Bawadi neighborhood
66,3542,حي الغليل,Al Ghaleel neighborhood
9,3286,حي النخيل,Al Nakheel neighborhood
4,3856,حي المدينة العسكرية,Military City District
15,1176,حي اليرموك,Yarmouk neighborhood
33,1438,حي الشهباء,Al Shahba neighborhood
52,2412,حي واسط,Wasit neighborhood
91,2610,حي الوسطى,Al wusayta neighborhood
57,3972,حي النسيم,Al Naseem neighborhood
46,1656,حي جواثا,Jawatha neighborhood
70,4026,حي الشرفية,Al Sharafeyah neighborhood
33,1408,حي الخزامى,Al Khuzami neighborhood
33,1476,حي الواحة,Al Waha neighborhood
78,2458,حي زبيدة,Zubaida neighborhood
2,90,حي مبترية,Mbtaria neighborhood
8,986,حي الاندلس,Andalusia neighborhood
43,876,حي الاندلس,Andalusia neighborhood
69,936,حي الورود,Al Worod neighborhood
66,3580,حي المدينة الصناعية الثالثة,The third industrial city neighborhood
52,2384,حي خب البريدي,Khub Al Buraydi neighborhood
5,4422,حي الحازم,Al Hazem neighborhood
33,1382,حي البديعة,Al Badia neighborhood
97,3198,حي الصواري,Al Sawari neighborhood
41,2952,حي الدار,Al Dar neighborhood
25,2000,حي الصالحية,Salihiya neighborhood
2,40,حي القدس,Jerusalem neighborhood
67,2032,حي الزهراء,Al Zahra neighborhood
66,3506,حي السرورية, As Surooriyah neighborhood
10,234,حي الحزيمية,Al Hozaimiyah neighborhood
46,1602,حي القديمات,Al Gudaimat neighborhood
85,1896,حي النهضة,Al Nahda neighborhood
66,3566,حي الكرامة,Al Karama neighborhood
57,3934,حي الخزان,Al Khazan neighborhood
87,1962,حي الورود,Al Worod neighborhood
96,4374,حي الخالدية,Khalidiya neighborhood
14,3312,حي الناصرية,Nasiriyah neighborhood
82,958,حي الوقف,Al Waqf neighborhood
40,864,حي المروج,Marouj neighborhood
40,868,حي الملك عبدالعزيز,King Abdulaziz neighborhood
21,592,حي المؤتمرات,Al Mutamarat neighborhood
60,3982,حي الحجاز,Al Hijaz neighborhood
18,1250,حي الصناعية الاولى,The first industrial neighborhood
16,306,حي الروقية,Al Rouqia neighborhood
2,88,حي قنبورة,Qanoura neighborhood
2,22,حي السادلية,Al Sadiliyah neighborhood
91,2538,حي الصفراء,Al Safra neighborhood
85,1900,حي حزم,Hazm neighborhood
79,2722,حي السوق,Al Souq neighborhood
97,3246,حي النهضة,Al Nahda neighborhood
55,3914,حي الشفا,Al Shifa neighborhood
79,2776,حي شمال مقبرة اللقائط,Maqbrat Al liqaait North neighborhood
62,2914,حي المنتزه,Al Montazah neighborhood
23,780,حي الروضة,Al Rawda neighborhood
52,2354,حي الملك,Al Malik neighborhood
41,3052,حي جبل عير,Jabal Ayer neighborhood
48,2810,حي العزيزية,Al Azizia neighborhood
3,136,حي مختارة,Mukhtara neighborhood
97,3230,حي المشيريف,Al Mashirif neighborhood
12,1110,حي المها,Al Maha neighborhood
62,2916,حي هداج,Hadaj neighborhood
3,116,حي المطلع,Al Matla' neighborhood
52,2368,حي النصار,Al Nassar neighborhood
2,16,حي الربيع,Ar Rabi neighborhood
19,352,حي الديرة,Al Deira neighborhood
22,758,حي اليرموك,Yarmouk neighborhood
90,1906,حي البستان,Al Bustan neighborhood
70,4052,حي النخيل,Al Nakheel neighborhood
96,4376,حي الضباط,Ad Dhubbat neighborhood
67,2040,حي المحطة,Al Mahattah neighborhood
46,1622,حي المعلمين الشرقية,Al Muallimeen Ash Sharqiyyah neighborhood
46,1520,حي الاندلس,Andalusia neighborhood
84,192,حي الخالدية,Khalidiya neighborhood
68,1798,حي الواحة,Al Waha neighborhood
68,1792,حي النخيل,Al Nakheel neighborhood
68,1784,حي المروج,Marouj neighborhood
66,3616,حي الوادي,Al Wadi neighborhood
1,3800,حي الشفاء,Al Shifa neighborhood
39,3870,حي التقدم,Takaddoum neighborhood
23,782,حي الزهرة,Al Zahra neighborhood
89,970,حي السليمانية,Sulaymaniyah neighborhood
79,2760,حي المعاقلة,Al Maaqla neighborhood
88,1978,حي العزيزية,Al Azizia neighborhood
1,3834,حي ذرة,Thrah neighborhood
43,880,حي الصقورية,Al Saquria neighborhood
82,954,حي النسيم,Al Naseem neighborhood
65,166,حي النسيم,Al Naseem neighborhood
51,3094,حي الجديد,Al Jedaid neighborhood
9,3290,حي النقابة,Al Naqabah neighborhood
21,710,حي مركز الملك عبدالله للدراسات والبحوث,King Abdullah Center for Studies and Research
97,3254,حي الياقوت,Al Yaqout neighborhood
70,4074,حي شباعة,Shabaa neighborhood
59,2854,حي الشيخ,Sheikh neighborhood
62,2910,حي الصفا,Al Safa neighborhood
83,178,حي الركوبة,Al Rokobah neighborhood
2,26,حي السلام,As Salam neighborhood
83,184,حي مجعر,Mojour neighborhood
88,1988,حي المنطقة الصناعية,The Industrial area neighborhood
20,2140,حي الربوة,Ar Rabwah neighborhood
14,3302,حي الدغمية,Al Daghmiyah neighborhood
96,4372,حي الحضن,Al Hatn neighborhood
69,926,حي المجد,Al Majd neighborhood
2,60,حي النسيم,Al Naseem neighborhood
8,984,حي الاحساء,Al Ahsa neighborhood
1,3786,حي الاندلس,Andalusia neighborhood
81,4344,حي الروضة الجنوبية,Al Rawdah Al Janubiyyah neighborhood
91,2592,حي الندى,Al Nada neighborhood
66,3588,حي المسرة,Al Masra neighborhood
39,3890,حي النهضة,Al Nahda neighborhood
21,656,حي جامعة الأميرة نورة,Princess Noura University neighborhood
89,964,حي الاصفر,Al Asfar neighborhood
91,2544,حي العليا,Olaya neighborhood
29,1360,حي الرابية,Rabieh neighborhood
97,3186,حي الشروق,Al Shorouk neighborhood
6,2092,حي المستشفى,Hospital neighborhood
79,2802,حي مخطط كريم الدرزي,Karimdurzi Subdivsion neighborhood
22,740,حي الصديق,Al Siddiq neighborhood
66,3576,حي المحجر,Al Mahjar neighborhood
66,3568,حي الكندرة,Al Kandara neighborhood
10,236,حي الركبة,Rakbah neighborhood
21,670,حي سكيرينة,Skirinah neighborhood
3,98,حي البياطرية,Al Bayatirah neighborhood
30,808,حي النخيل,Al Nakheel neighborhood
35,826,حي الحزم,Al Hazm neighborhood
46,1570,حي الشروق,Al Shorouk neighborhood
88,1984,حي المساعدية,Al Masadiya neighborhood
87,1966,حي سلطانة,Sultana neighborhood
6,2076,حي الرمة,Al Ramah neighborhood
35,830,حي الديرة,Al Deira neighborhood
80,1850,حي المنتزه,Al Montazah neighborhood
46,1536,حي الجشة,Al Jishah neighborhood
70,4024,حي السلام,As Salam neighborhood
79,2790,حي مخطط الفياض,Al Fayyad Subdivision neighborhood
20,2148,حي السعادة,As Saadah neighborhood
68,1778,حي الفيحاء,Al Fayhaa neighborhood
33,1380,حي البديع,Budaie neighborhood
96,4388,حي الشرفة,Al Shorfa neighborhood
20,2160,حي الملك عبدالعزيز,King Abdulaziz neighborhood
46,1666,حي محمد العيسى,Muhammad Al Issa neighborhood
91,2460,حي اشبيلية,Ishbiliyah neighborhood
58,1728,حي المناخ,Al Manakh neighborhood
42,2234,حي الصالحية,Salihiya neighborhood
72,2656,حي الحصيباء,Al Husiba neighborhood
57,3946,حي الزهور,Al Zuhur neighborhood
46,1614,حي المزاوي,Al Mazawi neighborhood
46,1604,حي القرين,Al Qurain neighborhood
97,3188,حي الصاعدية,Al Sa'adia neighborhood
91,2608,حي الوادي,Al Wadi neighborhood
66,3510,حي السليمانية,Sulaymaniyah neighborhood
59,2882,حي المنشية القديمة,Al Munshiyah Al Qadimah neighborhood
66,3448,حي البغدادية الشرقية,Al Baghdadiya Ash Sharqiyyah neighborhood
70,4078,حي ضمك,Damak neighborhood
69,914,حي التضامن,Tadamon neighborhood
33,1468,حي المشتل,Mashtal neighborhood
33,1418,حي الرامس,Al Rams neighborhood
82,956,حي الوشم,Al Washm neighborhood
79,2754,حي المحمديه,Al Muhammadiyah neighborhood
49,4342,حي الوديعة,Al Wadiah neighborhood
81,4364,حي مخطط ب,Subdivision B neighborhood
97,3140,حي الجابرية 2,Al Jabriya 2 neighborhood
87,1958,حي الفيصلية,Al Faisaliah neighborhood
97,3206,حي العيون,Al Ayoun neighborhood
68,1802,حي الورود,Al Worod neighborhood
40,852,حي البصرة,Basra neighborhood
6,2072,حي التعليم,Al Talim neighborhood
75,1932,حي المحمدية,Muhammadiyah neighborhood
68,1762,حي الربيع,Ar Rabi neighborhood
75,1926,حي العمال,Al Umal neighborhood
97,3196,حي الصهاريج,Al Saharraj neighborhood
33,1398,حي الجش,Al Jish neighborhood
39,3880,حي الشرق,Al Sharq neighborhood
42,2236,حي الصفراء,Al Safra neighborhood
1,3822,حي النزهة,Al Nuzha neighborhood
59,2872,حي المروج,Marouj neighborhood
66,3464,حي الجامعة,Al jamiah neighborhood
75,1918,حي الروضة,Al Rawda neighborhood
68,1772,حي الصفاء,Al Safa neighborhood
75,1934,حي المدينة,Al Madinah neighborhood
68,1788,حي المنار,Al Manar neighborhood
66,3436,حي الامير فواز الشمالي,Prince Fawaz Al Shamali neighborhood
33,1430,حي الزهراء,Al Zahra neighborhood
35,846,حي الورود,Al Worod neighborhood
6,2086,حي العثمانية,Othmania neighborhood
50,2832,حي العليا,Olaya neighborhood
20,2130,حي الاندلس,Andalusia neighborhood
66,3620,حي الوزيرية,Al Waziriya neighborhood
59,2886,حي النهضة,Al Nahda neighborhood
60,4002,حي تثليث,Tathleeth neighborhood
30,804,حي المروج,Marouj neighborhood
2,4,حي الاندلس,Andalusia neighborhood
46,1648,حي بو سحبل,Bou Sahbel neighborhood
18,1198,حي البحيرة,Al Buhaira neighborhood
97,3164,حي الربيع,Ar Rabi neighborhood
6,2084,حي العبيلة,Al Abilah neighborhood
92,4106,حي الشهد,Al Shuhad neighborhood
58,1734,حي اليمامة,Al Yamamah neighborhood
21,594,حي الناصرية,Nasiriyah neighborhood
89,982,حي الملك خالد,King Khalid neighborhood
33,1442,حي الصناعية,Industrial neighborhood
25,2006,حي العليا,Olaya neighborhood
46,1518,حي الامراء,Alamra neighborhood
97,3174,حي السميري 2,Al Sumairi 2 neighborhood
33,1422,حي الروضة,Al Rawda neighborhood
15,1170,حي النزهة,Al Nuzha neighborhood
72,2664,حي الرفاع,Al Riffa neighborhood
58,1712,حي الجوهرة,Al Jawhara neighborhood
58,1732,حي النرجس,An Narjis neighborhood
91,2540,حي العبسة,Al Absa neighborhood
75,1936,حي المساعدية,Al Masadiya neighborhood
21,462,حي السفارات,Al Safarat neighborhood
50,2816,حي البطحاء,Al Batha neighborhood
59,2898,حي مخطط الرابية,Al Rabieh Subdivision neighborhood
20,2150,حي الشفاء,Al Shifa neighborhood
65,144,حي الجبل,Al Jabal neighborhood
70,4018,حي الروضة,Al Rawda neighborhood
26,3334,حي العزيزية,Al Azizia neighborhood
14,3306,حي السوق القديم,Al Souq Al Gadim neighborhood
54,1688,حي الروضة,Al Rawda neighborhood
40,856,حي الرفيعة,Al Rafia neighborhood
2,38,حي العقدة,Al Aqda neighborhood
41,2946,حي الحفيا,Al Hafia neighborhood
2,32,حي الصفا,Al Safa neighborhood
5,4420,حي الباهر,Al Baher neighborhood
22,776,حي مرخ,Merikh neighborhood
9,3278,حي الصفاء,Al Safa neighborhood
18,1222,حي الرابية,Rabieh neighborhood
46,1642,حي الورود,Al Worod neighborhood
88,1980,حي الفيصلية,Al Faisaliah neighborhood
14,3298,حي الحزم,Al Hazm neighborhood
7,2116,حي العزيزية,Al Azizia neighborhood
2,80,حي شويهة,Shuiha neighborhood
19,356,حي الروضة,Al Rawda neighborhood
59,2896,حي كريم,Karim neighborhood
46,1582,حي الصيهد,Al Sahid neighborhood
15,1142,حي الروضة,Al Rawda neighborhood
67,2060,حي برزان,Barzan neighborhood
91,2474,حي الثقافة,Culture neighborhood
23,784,حي الشفاء,Al Shifa neighborhood
29,1366,حي المراح,Al Marah neighborhood
52,2382,حي حويلان,Huwaylan neighborhood
68,1754,حي الخليج,Al Khaleej neighborhood
33,1378,حي البحر,Al Bahr neighborhood
12,1052,حي البستان,Al Bustan neighborhood
67,2064,حي سماح,Samah neighborhood
1,3806,حي العزيزية,Al Azizia neighborhood
57,3938,حي الربيع,Ar Rabi neighborhood
94,3688,حي البيبان,Al Biban neighborhood
9,3292,حي سدر,Sidr neighborhood
97,3122,حي الاضواء,Al Adwa neighborhood
80,1844,حي الغدير,Al Ghadeer neighborhood
58,1736,حي دارين,Darin neighborhood
93,3672,حي المنطقة الحرة,Free Zone District
79,2740,حي اللقائط,Al liqaait neighborhood
79,2794,حي مخطط القديم,Old Subdivision neighborhood
70,4062,حي الهميلة,Al Hamila neighborhood
48,2806,حي الخالدية,Khalidiya neighborhood
85,1886,حي الصفاء,Al Safa neighborhood
33,1472,حي الناصرة,An Nassirah neighborhood
80,1862,حي غرناطة,Granada neighborhood
8,1000,حي الفردوس,Al Firdous neighborhood
24,2182,حي الشماسية,Shammasia neighborhood
28,2218,حي صدر الغربية,Sadral Gharbaiyah neighborhood
84,214,حي الغراء,Al Gira'a neighborhood
27,1338,حي الدانة الجنوبية,Dana Al Janubiyah neighborhood
68,1764,حي الروضة,Al Rawda neighborhood
18,1302,حي النسيم,Al Naseem neighborhood
91,2476,حي الجامعيين,Al Jamai neighborhood
96,4366,حي ابا السعود,Aba Lasaud neighborhood
63,904,حي الخالدية,Khalidiya neighborhood
59,2884,حي المهرجان,Al Mahrajan neighborhood
59,2842,حي البساتين,Al Basateen neighborhood
25,2008,حي النهضة,Al Nahda neighborhood
8,998,حي الفاروق,Al Farouq neighborhood
57,3944,حي الريان,Al Rayyan neighborhood
52,2276,حي التوفيق,Al Tawfiq neighborhood
87,1952,حي الصالحية,Salihiya neighborhood
15,1138,حي الخزامى,Al Khuzami neighborhood
66,3526,حي الصحيفة,Al Suhaifah
91,2628,حي سنام,Sanam neighborhood
7,2112,حي الروضة,Al Rawda neighborhood
97,3124,حي الامارة,Al Amarah neighborhood
91,2636,حي قرطبة,Cordoba neighborhood
90,1902,حي الانوار,Anwar neighborhood
72,2668,حي السديرية,As Sadiriyyah neighborhood
33,1432,حي الشاطئ,Al Shati neighborhood
4,3866,حي وسط البلد,Downtown neighborhood
85,1880,حي الرويحة,Al Ruwaiha neighborhood
79,2798,حي مخطط شرق الاقليمي,East Regional Subdivision neighborhood
58,1720,حي الزور,Al Zour neighborhood
59,2858,حي الصناعية,Industrial neighborhood
57,3960,حي الفيصلية,Al Faisaliah neighborhood
79,2770,حي الصوالحة,Al Sawalha neighborhood
59,2870,حي الفيصلية الشمالية,Al Faisaliyah Ashamaliyah neighborhood
69,924,حي الفرعة,Al Faraa neighborhood
52,2336,حي الفاخرية,Al Fakhriya neighborhood
15,1134,حي الحمراء,Al Hamra neighborhood
92,4098,حي الخالدية,Khalidiya neighborhood
59,2878,حي المنتزه,Al Montazah neighborhood
20,2164,حي الملك فيصل,King Faisal neighborhood
2,68,حي بحرة,Bahra neighborhood
96,4390,حي دحضة,Dahdah neighborhood
2,12,حي الخالدية,Khalidiya neighborhood
81,4350,حي الصناعية,Industrial neighborhood
96,4392,حي شرق الضباط,Sharq Ad Dubat neighborhood
62,2908,حي الروضة,Al Rawda neighborhood
97,3130,حي البندر,Al Bandar neighborhood
46,1534,حي الجرن,Al Jarn neighborhood
1,3810,حي القابل,Al Qabil neighborhood
25,1998,حي السلام,As Salam neighborhood
5,4424,حي الحاوية,Al Hawiyah neighborhood
39,3872,حي الخالدية,Khalidiya neighborhood
18,1324,حي قصر الخليج,Qasr Al Khaleej neighborhood
97,3226,حي المسرة,Al Masra neighborhood
89,968,حي الخزان,Al Khazan neighborhood
79,2726,حي الشلهوب,Al Shalhoub neighborhood
2,62,حي النهضة,Al Nahda neighborhood
46,1526,حي التهيمية,Al Tahimiya neighborhood
81,4346,حي الروضة الشمالية,Al Rawdah Ash Shamaliyyah neighborhood
87,1950,حي الخليج,Al Khaleej neighborhood
79,2712,حي الربوة,Ar Rabwah neighborhood
33,1406,حي الخامسة,Al Khamisah neighborhood
46,1674,حي مدينة العمران,Al Umran City neighborhood
79,2746,حي المحمدية د,Muhammadiyah D neighborhood
25,2010,حي الورود,Al Worod neighborhood
79,2720,حي الريان,Al Rayyan neighborhood
29,1374,حي مدينة العيون الصناعية,Al Ayoun Industrial City neighborhood
54,1682,حي الاندلس,Andalusia neighborhood
8,1018,حي دارين,Darine neighborhood
88,1982,حي المحمدية,Muhammadiyah neighborhood
26,3364,حي حوايا,Hawaia neighborhood
91,2564,حي المباركية,Mubarakiya neighborhood
15,1136,حي الخالدية,Khalidiya neighborhood
97,3190,حي الصبح,Al Sabah neighborhood
61,3406,حي السوق,Al Souq neighborhood
46,1658,حي الزهراء,Al Zahra neighborhood
70,4080,حي طيب الاسم,Tayyib Al Ism neighborhood
2,86,حي قامرة,Qamra neighborhood
87,1960,حي المساعدية,Al Masadiya neighborhood
91,2542,حي العقيق,Al Aqiq neighborhood
24,2174,حي البدع,Al Bada neighborhood
75,1920,حي الشمالي,Al Shamali neighborhood
85,1874,حي الخترشية,Al Khatrashiyah neighborhood
8,1004,حي القدس,Jerusalem neighborhood
15,1154,حي الفيحاء,Al Fayhaa neighborhood
68,1794,حي النزهة,Al Nuzha neighborhood
23,788,حي النخيل,Al Nakheel neighborhood
2,6,حي البديع والقرفي,Al Badi & Al Qarafi neighborhood
3,122,حي الميزاب,Al Mizab neighborhood
75,1942,حي جنوب الخالدية,Khalidiya South neighborhood
15,1158,حي اللؤلؤة,Al Lulu neighborhood
69,940,حي زياد,Ziyad neighborhood
2,78,حي سلامة الدراج,Salamahal Darag neighborhood
96,4384,حي المخيم,Al Mukhayyam neighborhood
20,2132,حي التعليم,Al Talim neighborhood
91,2562,حي القيروان,Kairouan neighborhood
46,1578,حي الشهارين,Al Shahrin neighborhood
66,3544,حي الفاروق,Al Farouq neighborhood
78,2432,حي الرفيعة,Al Rafia neighborhood
85,1882,حي الريحان,Al Rayhan neighborhood
60,4000,حي الوجه,Al Wajh neighborhood
91,2462,حي الاسكان,Al Iskan neighborhood
14,3310,حي المحمدية,Muhammadiyah neighborhood
18,1202,حي البساتين,Al Basateen neighborhood
70,4032,حي العرق الجنوبي,Al Irq Al Janubi neighborhood
22,742,حي الصناعية,Industrial neighborhood
79,2792,حي مخطط الفيصلي,Al Faisaliyyah Subdivision neighborhood
94,3702,حي الحرم,Haram neighborhood
54,1678,حي ارامكو,Aramco neighborhood
74,1828,حي قرطبة,Cordoba neighborhood
3,118,حي المنزم,Al Manzam neighborhood
79,2764,حي النفل,Nafl neighborhood
79,2744,حي المحمدية ب,Muhammadiyah B neighborhood
27,1336,حي الحرس الوطني,National Guard neighborhood
58,1708,حي الجامعيين,Al Jamiyin neighborhood
58,1716,حي الربيعية,Ar Rabiayah neighborhood
72,2702,حي النسيم,Al Naseem neighborhood
75,1916,حي الجميماء,Al Jumaymaa neighborhood
66,3600,حي النزلة اليمانية,Al Nazla Al Yamaniya neighborhood
9,3288,حي النسيم,Al Naseem neighborhood
97,3210,حي الفهد,Al Fahd neighborhood
79,2766,حي الهدا,Al Hada neighborhood
3,102,حي الدغادير,Dugadir neighborhood
3,110,حي العمارية,Al Amariya neighborhood
70,4038,حي الفتح,Al Fateh neighborhood
19,376,حي النزهة,Al Nuzha neighborhood
46,1532,حي الجبيل,Jubail neighborhood
33,1446,حي العوامية,Al Awamiya neighborhood
79,2758,حي المطر,Al Matr neighborhood
88,1974,حي الريان,Al Rayyan neighborhood
33,1386,حي البوادي,Al Bawadi neighborhood
8,1026,حي مخطط عبداللطيف جميل,Abdel Latif Jamil Subdivision
97,3172,حي السميري,Al Sumairi neighborhood
66,3534,حي الضاحية,Dahiya neighborhood
15,1126,حي الامير فهد بن سلمان,Prince Fahd bin Salman neighborhood
90,1904,حي البدر,Al Badr neighborhood
35,828,حي الخليج,Al Khaleej neighborhood
55,3898,حي الربيع,Ar Rabi neighborhood
57,3950,حي الصفا,Al Safa neighborhood
1,3826,حي النصب,An Nasab neighborhood
2,28,حي الشابطة,Al Shabitah neighborhood
78,2434,حي الروضة,Al Rawda neighborhood
66,3452,حي البلد,Al Balad neighborhood
17,324,حي الديرة,Al Deira neighborhood
85,1868,حي الاوجام,Al Awjam neighborhood
89,974,حي الصناعية,Industrial neighborhood
91,2520,حي الزغبية,Zoghbiya neighborhood
3,100,حي الحصامة,Al Hasama neighborhood
70,4046,حي المعزاب,Al Mazab neighborhood
59,2856,حي الصالحية,Salihiya neighborhood
55,3910,حي السلام,As Salam neighborhood
97,3250,حي النواة,Al Nawah neighborhood
46,1628,حي المنصورة,Mansoura neighborhood
68,1742,حي الاسكان,Al Iskan neighborhood
97,3228,حي المشهد,Al Mashhad neighborhood
50,2824,حي الروضة,Al Rawda neighborhood
33,1484,حي الياقوت,Al Yaqout neighborhood
85,1878,حي الربوة,Ar Rabwah neighborhood
33,1462,حي المروج,Marouj neighborhood
79,2748,حي المحمدية,Al Muhammadiyah neighborhood
72,2682,حي العليا,Olaya neighborhood
75,1938,حي الملز,Al Malaz neighborhood
33,1456,حي المجيدية,Al Majidiya neighborhood
27,1352,حي جامعة الملك فهد للبترول والمعادن,King Fahd University of Petroleum and Minerals neighborhood
81,4348,حي السوق,Al Souq neighborhood
54,1692,حي الفردوس,Al Firdous neighborhood
22,724,حي الاندلس,Andalusia neighborhood
97,3150,حي الحرس الوطني,National Guard neighborhood
59,2866,حي العوايشة,Al'awayshah neighborhood
87,1954,حي العروبة,Al Urubah neighborhood
81,4352,حي الفهد,Al Fahd neighborhood
46,1516,حي الاسكان العام,Al Eskan Al Aam neighborhood
68,1756,حي الرابية,Rabieh neighborhood
4,3858,حي المصيف,Al Masif neighborhood
19,368,حي العلوة,Al Alwa neighborhood
25,1996,حي الخليج,Al Khaleej neighborhood
60,3992,حي الغزالة,Al Ghazala neighborhood
46,1544,حي الدالوة,Dalwa neighborhood
2,82,حي صديقة,Sedeeqah neighborhood
65,170,حي مزهرة,Mizhirah neighborhood
90,1908,حي العقيق,Al Aqiq neighborhood
88,1972,حي الروضة,Al Rawda neighborhood
33,1412,حي الدبابية,Al Dababiya neighborhood
59,2848,حي السعادة,As Saadah neighborhood
66,3590,حي المليساء,Al Moulysaa neighborhood
96,4370,حي الجربة,Al Jurbah neighborhood
70,4006,حي الجزيرة,Al Jazeera neighborhood
79,2734,حي العفاش,Al Afash neighborhood
66,3530,حي الصناعية,Industrial neighborhood
75,1944,حي شمال الخالدية,Khalidiya North neighborhood
72,2666,حي الزراعي,Az Zira'i neighborhood
33,1486,حي ام الجزم,Umm Al Jazm neighborhood
96,4402,حي مخطط الحصين الزراعي,Alhusayn Agricultural Subdivision
75,1930,حي القادسية,Al Qadisiyah neighborhood
80,1838,حي السلام,As Salam neighborhood
88,1968,حي الخالدية,Khalidiya neighborhood
14,3300,حي الخالدية,Khalidiya neighborhood
69,912,حي الباطن,Al Batin neighborhood
1,3818,حي المفتاحة,Al Muftaha neighborhood
33,1404,حي الحسين,Al Hussein neighborhood
80,1846,حي الفردوس,Al Firdous neighborhood
28,2206,حي الرزيقية,Al Razeqiya neighborhood
21,402,حي البطيحا,Al Bathaa neighborhood
84,212,حي العزيزية,Al Azizia neighborhood
91,2632,حي عكاظ,Okaz neighborhood
33,1440,حي الشويكة,Al Shweika neighborhood
89,972,حي الصالحية,Salihiya neighborhood
21,426,حي الدحو,Al Dho neighborhood
64,3418,حي جامعة الملك عبدالله للعلوم والتقنية,King Abdullah University for Science and Technology neigborhood
97,3240,حي النخيل,Al Nakheel neighborhood
85,1884,حي الشورى,Al Shura neighborhood
33,1424,حي الريف,Al Reef neighborhood
46,1538,حي الحزم,Al Hazm neighborhood
97,3244,حي النسيم,Al Naseem neighborhood
3,112,حي الغصينية,Al Ghusainiah neighborhood
67,2052,حي المنطقة الصناعية,The Industrial area neighborhood
79,2730,حي الطوير,Al Tuwair neighborhood
33,1450,حي القديح,Al Qudaih neighborhood
66,3482,حي الرحمة,Al Rahmah neighborhood
89,976,حي العود,Al Oud neighborhood
18,1292,حي المها,Al Maha neighborhood
35,820,حي البستان,Al Bustan neighborhood
15,1156,حي الفيصلية,Al Faisaliah neighborhood
70,4034,حي العرق الشمالي,Al Irq Ash Shamali neighborhood
81,4358,حي جنوب المستشفى العسكري,Military Hospital South neighborhood
52,2258,حي ابن صبيح,Ibn Sabih neighborhood
33,1474,حي النرجس,An Narjis neighborhood
90,1910,حي المحار,Al Mahar neighborhood
34,3392,حي الناعمية,Al Naamiya neighborhood
80,1842,حي الطف,At Tif neighborhood
75,1922,حي الصناعية,Industrial neighborhood
66,3640,حي قاعدة الملك فيصل البحرية,King Faisal Naval Base neighborhood
75,1946,حي شمال النموذجية,An Namudhajiyah North neighborhood
97,3232,حي المنتزه,Al Montazah neighborhood
75,1924,حي العزيزية,Al Azizia neighborhood
54,1698,حي النخيل,Al Nakheel neighborhood
72,2672,حي الشفاء,Al Shifa neighborhood
60,3998,حي النخيل,Al Nakheel neighborhood
91,2598,حي النظيم,Al Nazim neighborhood
97,3168,حي الزهور,Al Zuhur neighborhood
66,3612,حي الهندواية,Al Hindawia neighborhood
80,1856,حي النقى,Al Naqi neighborhood
81,4360,حي سلطانة,Sultana neighborhood
97,3212,حي الفيصل,Al Faisal neighborhood
70,4084,حي قمبر,Qambar neighborhood
78,2438,حي السحابين الجنوبي,Al Sahabin  Al Janubi neighborhood
62,2912,حي القاع,Al Qaa neighborhood
79,2732,حي العزيزية,Al Azizia neighborhood
3,124,حي الواسط,Al Wasit neighborhood
29,1372,حي النسيم 2,Al Naseem 2 neighborhood
39,3884,حي العدالة,Al Adalah neighborhood
83,176,حي الخضراء,Al Khadra neighborhood
33,1388,حي التوبي,Al Tobi neighborhood
57,3958,حي الفيحاء,Al Fayhaa neighborhood
9,3268,حي الخالدية,Khalidiya neighborhood
97,3194,حي الصفا,Al Safa neighborhood
91,2620,حي بدر,Badr neighborhood
51,3104,حي الغزوة,Al Ghazwa neighborhood
91,2622,حي حطين,Hittin neighborhood
84,194,حي الربيع,Ar Rabi neighborhood
35,822,حي الجزيرة,Al Jazeera neighborhood
24,2200,حي الواسط,Al Wasit neighborhood
52,2284,حي الحقل الاخضر,Al Haql Al Akhdar neighborhood
15,1122,حي ارامكو,Aramco neighborhood
33,1448,حي الفتح,Al Fateh neighborhood
97,3184,حي الشربتلي,Al Sharbatly neighborhood
2,42,حي القويعية,Al Quwaiiyah neighborhood
71,3110,حي الروضة,Al Rawda neighborhood
33,1396,حي الجزيرة,Al Jazeera neighborhood
66,3456,حي التضامن,Tadamon neighborhood
97,3126,حي البثنة,Al Bathna neighborhood
55,3904,حي الزيتون,Al Zaitoun neighborhood
66,3502,حي السبيل,Al Sabeel neighborhood
87,1964,حي اليرموك,Yarmouk neighborhood
9,3274,حي السلامة,Salama neighborhood
50,2814,حي ابو شجرة,Abu Shajarah neighborhood
16,316,حي جنوب الدرعية,Diriyah South neighborhood
30,802,حي الغدير,Al Ghadeer neighborhood
79,2752,حي المحمدية,Muhammadiyah neighborhood
3,106,حي الصفا,Al Safa neighborhood
35,818,حي ابو سليم,Abu Salim neighborhood
34,3390,حي الغربي,Al Garbi neighborhood
6,2080,حي الصناعية,Industrial neighborhood
96,4398,حي مخطط ابن جارالله السكني,Ibn Jarallah Residential Subdivision
93,3678,حي منطقة المرافق,Marafiq area neighborhood
48,2812,حي النهضة,Al Nahda neighborhood
62,2906,حي الربوة,Ar Rabwah neighborhood
79,2780,حي مخطط الامل,Al Amal Subdivsion neighborhood
87,1956,حي العزيزية,Al Azizia neighborhood
52,2324,حي الصقرات,Al Saqrat neighborhood
79,2800,حي مخطط غرب الاقليمي,West Regional Road Subdivision
66,3540,حي العمارية,Al Amariya neighborhood
97,3156,حي الخريق,Al Khurik neighborhood
72,2706,حي حصيدة,Husaybidah neighborhood
91,2468,حي البستان,Al Bustan neighborhood
70,4020,حي الزهور,Al Zuhur neighborhood
66,3458,حي التعاون,At Taawun neighborhood
33,1392,حي الجارودية,Al Jaroudia neighborhood
87,1948,حي الخالدية,Khalidiya neighborhood
35,836,حي السلام,As Salam neighborhood
58,1726,حي اللؤلؤ,Al Lulu neighborhood
97,3160,حي الديار,Al Diyar neighborhood
50,2818,حي البلد,Al Balad neighborhood
75,1928,حي الفيصلية,Al Faisaliah neighborhood
50,2826,حي السلام,As Salam neighborhood
91,2616,حي اليرموك,Yarmouk neighborhood
3,114,حي القسوم,Al Qassum neighborhood
57,3952,حي الصناعية,Industrial neighborhood
15,1128,حي الامير نايف,Prince Nayef neighborhood
33,1478,حي الوديعة,Al Wadiah neighborhood
85,1890,حي العمل,Al Amal neighborhood
19,348,حي الخليج,Al Khaleej neighborhood
3,126,حي حاكمية الدغادير,Hakimatal Daghadir neighborhood
58,1706,حي الاندلس,Andalusia neighborhood
72,2658,حي الحميدية,Al Hamidiya neighborhood
8,1006,حي اللؤلؤ,Al Lulu neighborhood
79,2772,حي المرازيق,Al Marazik neighborhood
80,1830,حي الخصاب,Al Khisab neighborhood
15,1166,حي المنطقة الصناعية الاولى,The first industrial area neighborhood
46,1568,حي الشروفية,Al Shroufia neighborhood
55,3908,حي السروات,As Sarawat neighborhood
1,3838,حي وسط المدينة,Downtown neighborhood
32,2642,حي الخالدية,Khalidiya neighborhood
60,3986,حي الخزان,Al Khazan neighborhood
84,218,حي الفلاح,Al Falah neighborhood
33,1402,حي الجواهر,Al Jawaher neighborhood
79,2784,حي مخطط الصديق,Al Siddiq Subdivsion neighborhood
9,3282,حي الفيصلية,Al Faisaliah neighborhood
79,2750,حي المحمدية,Muhammadiyah neighborhood
42,2232,حي السلام,As Salam neighborhood
16,318,حي سمحان,Samhan neighborhood
79,2738,حي القرعا,Al Qaraa neighborhood
46,1556,حي الرميله,Al Rumail neighborhood
97,3142,حي الجار,Al Jar neighborhood
33,1454,حي الكويكب,Al Kuwaikib neighborhood
72,2662,حي الربوة,Ar Rabwah neighborhood
50,2836,حي النسيم,Al Naseem neighborhood
96,4418,حي مخطط نهوفة السكني,Nahufah Residential Subdivision
59,2880,حي المنشية الجديدة,Al-Mansheya Al-Gdeda neighborhood
79,2768,حي جنوب غرب قارا,Southwestern Qara neighborhood
71,3116,حي سلطانة,Sultana neighborhood
46,1612,حي المركز,Al Markaz neighborhood
2,48,حي المشايخ الجنوبية,Almchaikh South neighborhood
85,1892,حي المروة,Marwa neighborhood
2,70,حي بديع الخرم,Badi Al Kharm neighborhood
60,3990,حي العزيزية,Al Azizia neighborhood
72,2678,حي الصناعية,Industrial neighborhood
55,3916,حي العزيزية,Al Azizia neighborhood
2,8,حي البرصة,Al Barasa neighborhood
60,3994,حي الفاخرية,Al Fakhriya neighborhood
79,2716,حي الروابي 2,Al Rawabi 2 neighborhood
51,3092,حي ادمان,Idman neighborhood
33,1488,حي ام الحمام,Umm Al Hamam neighborhood
33,1434,حي الشريعة,Sharia neighborhood
97,3152,حي الحوراء,Al Hawra neighborhood
96,4368,حي الاملاح,Al Amlah neighborhood
33,1428,حي الزمرد,Emerald neighborhood
51,3102,حي الغزلاني,Al Ghazlani neighborhood
61,3412,حي منيف,Munif neighborhood
33,1416,حي الرابعة,Ar Rabiah neighborhood
8,1014,حي المنطقة الصناعية الثانية,The second industrial area neighborhood
16,300,حي البجيري,Al Bajiri neighborhood
97,3222,حي المحارة,Al Mahara neighborhood
96,4414,حي مخطط شعب رير السكني,Sha'brir Residential Subdivision neighborhood
